Datetime,Ticker,Actual_Target,AI_Probability,Fold,y_pred_strict
2024-04-17 14:30:00+00:00,AMGN,0.0,0.2688435299571644,0,0
2024-04-17 15:30:00+00:00,AVGO,0.0,0.3550481185704571,0,0
2024-04-17 15:30:00+00:00,MU,0.0,0.31675263378282664,0,0
2024-04-17 16:30:00+00:00,AVGO,0.0,0.7122452313185574,0,1
2024-04-17 18:30:00+00:00,AVGO,0.0,0.6297697651085432,0,1
2024-04-17 19:30:00+00:00,ORCL,0.0,0.0986234586361749,0,0
2024-04-18 13:30:00+00:00,BX,0.0,0.047385859674871335,0,0
2024-04-18 14:30:00+00:00,VRTX,1.0,0.6135230938309655,0,1
2024-04-18 18:30:00+00:00,META,0.0,0.23573439863525106,0,0
2024-04-18 19:30:00+00:00,VRTX,1.0,0.5667592657850888,0,1
2024-04-18 19:30:00+00:00,GE,0.0,0.6442301602188906,0,1
2024-04-19 19:30:00+00:00,NEE,1.0,0.3475342100400287,0,0
2024-04-22 16:30:00+00:00,GEV,1.0,0.7082719485856614,0,1
2024-04-23 15:30:00+00:00,DE,0.0,0.6135230938309655,0,1
2024-04-24 15:30:00+00:00,NVDA,1.0,0.15609497933436162,0,0
2024-04-24 17:30:00+00:00,NVDA,1.0,0.37082079940932083,0,0
2024-04-24 19:30:00+00:00,INTC,1.0,0.6076714084990137,0,1
2024-04-24 19:30:00+00:00,LRCX,1.0,0.4062865650434396,0,0
2024-04-25 14:30:00+00:00,APP,1.0,0.5200596950018109,0,0
2024-04-25 17:30:00+00:00,MU,1.0,0.44254102772298154,0,0
2024-04-25 17:30:00+00:00,MCD,0.0,0.3404117131824589,0,0
2024-04-25 19:30:00+00:00,MU,1.0,0.3827580649251135,0,0
2024-04-26 18:30:00+00:00,PANW,0.0,0.47259333270734405,0,0
2024-04-29 17:30:00+00:00,UBER,0.0,0.3209722327799271,0,0
2024-04-29 18:30:00+00:00,GILD,0.0,0.9098757709734924,0,1
2024-04-30 15:30:00+00:00,APP,0.0,0.3997863913761131,0,0
2024-04-30 15:30:00+00:00,BA,0.0,0.20643086308607192,0,0
2024-04-30 16:30:00+00:00,APP,0.0,0.38405629294446053,0,0
2024-04-30 17:30:00+00:00,BA,0.0,0.28324260037280863,0,0
2024-04-30 18:30:00+00:00,AXP,0.0,0.8676821480751399,0,1
2024-04-30 19:30:00+00:00,AMZN,1.0,0.308707000410632,0,0
2024-05-01 14:30:00+00:00,AMZN,1.0,0.2434929349688937,0,0
2024-05-01 16:30:00+00:00,GOOGL,1.0,0.13267707570380105,0,0
2024-05-01 16:30:00+00:00,GOOG,1.0,0.4440768804255994,0,0
2024-05-01 17:30:00+00:00,ABBV,0.0,0.8911118583830305,0,1
2024-05-01 18:30:00+00:00,T,0.0,0.6846336013780611,0,1
2024-05-01 18:30:00+00:00,APP,0.0,0.771041148067674,0,1
2024-05-01 19:30:00+00:00,AMZN,1.0,0.5319953018849183,1,0
2024-05-02 15:30:00+00:00,ORCL,1.0,0.49403220605452924,1,0
2024-05-02 18:30:00+00:00,TJX,1.0,0.6129782869707517,1,1
2024-05-02 19:30:00+00:00,GEV,1.0,0.47188841358374917,1,0
2024-05-03 15:30:00+00:00,BX,0.0,0.3314346387295732,1,0
2024-05-03 16:30:00+00:00,HCA,1.0,0.5573279796706412,1,1
2024-05-06 14:30:00+00:00,INTC,1.0,0.6301491089711394,1,1
2024-05-06 15:30:00+00:00,AMD,0.0,0.7010563958183472,1,1
2024-05-06 16:30:00+00:00,NEM,0.0,0.10755287562686541,1,0
2024-05-06 18:30:00+00:00,TSLA,0.0,0.3991045774232091,1,0
2024-05-06 19:30:00+00:00,XOM,0.0,0.24933761834973406,1,0
2024-05-09 15:30:00+00:00,PANW,1.0,0.2574374877129059,1,0
2024-05-10 14:30:00+00:00,GEV,0.0,0.6737594229281247,1,1
2024-05-10 16:30:00+00:00,GOOGL,1.0,0.8211159868151879,1,1
2024-05-10 16:30:00+00:00,GOOG,1.0,0.7419841222546818,1,1
2024-05-10 17:30:00+00:00,GILD,1.0,0.6904987454820845,1,1
2024-05-10 18:30:00+00:00,GEV,0.0,0.13762810647877208,1,0
2024-05-10 19:30:00+00:00,PANW,1.0,0.6289058057661309,1,1
2024-05-10 19:30:00+00:00,INTC,1.0,0.1551079421784394,1,0
2024-05-13 13:30:00+00:00,GOOG,1.0,0.8337350367687254,1,1
2024-05-13 13:30:00+00:00,GOOGL,1.0,0.7541170831206953,1,1
2024-05-13 13:30:00+00:00,UBER,0.0,0.539924830884978,1,0
2024-05-13 16:30:00+00:00,GEV,0.0,0.7376809397386446,1,1
2024-05-13 19:30:00+00:00,AMD,1.0,0.34869028953915504,1,0
2024-05-14 18:30:00+00:00,UBER,1.0,0.23965025764217732,1,0
2024-05-14 19:30:00+00:00,WELL,1.0,0.6462163161425053,1,1
2024-05-15 13:30:00+00:00,AMZN,1.0,0.7371705319513018,1,1
2024-05-15 16:30:00+00:00,IBKR,1.0,0.6195474027010608,1,1
2024-05-16 18:30:00+00:00,APP,0.0,0.5600047123753837,1,1
2024-05-16 18:30:00+00:00,GEV,0.0,0.6596424561675012,1,1
2024-05-17 13:30:00+00:00,GEV,0.0,0.71511588917023,1,1
2024-05-17 14:30:00+00:00,BX,0.0,0.2242766119235377,1,0
2024-05-17 15:30:00+00:00,GEV,0.0,0.6086211115013864,1,1
2024-05-17 16:30:00+00:00,TSLA,0.0,0.643369767401444,1,1
2024-05-17 16:30:00+00:00,GEV,0.0,0.6577582078207455,1,1
2024-05-17 16:30:00+00:00,APP,1.0,0.1442398864374888,1,0
2024-05-17 19:30:00+00:00,SCHW,0.0,0.22810462918217894,1,0
2024-05-21 17:30:00+00:00,AVGO,0.0,0.7849816218946113,2,1
2024-05-21 19:30:00+00:00,PM,1.0,0.8156296211863445,2,1
2024-05-22 15:30:00+00:00,INTC,0.0,0.5361680183629318,2,0
2024-05-22 17:30:00+00:00,NVDA,1.0,0.3374687816154419,2,0
2024-05-22 19:30:00+00:00,AMGN,0.0,0.3389288060835389,2,0
2024-05-23 16:30:00+00:00,KLAC,0.0,0.4786457025523735,2,0
2024-05-23 16:30:00+00:00,AMAT,0.0,0.32297979337960553,2,0
2024-05-23 16:30:00+00:00,MU,0.0,0.3781473828151067,2,0
2024-05-28 17:30:00+00:00,ANET,0.0,0.36850928771440145,2,0
2024-05-28 18:30:00+00:00,BKNG,0.0,0.654066076379941,2,1
2024-05-28 19:30:00+00:00,WELL,0.0,0.6671982718870813,2,1
2024-05-29 15:30:00+00:00,LRCX,0.0,0.2991573650331591,2,0
2024-05-29 15:30:00+00:00,AMAT,0.0,0.08998189650316774,2,0
2024-05-29 17:30:00+00:00,AMD,0.0,0.7080974955097653,2,1
2024-05-29 19:30:00+00:00,GE,0.0,0.4160098008863814,2,0
2024-05-29 19:30:00+00:00,TSLA,1.0,0.0825274214095449,2,0
2024-05-30 14:30:00+00:00,APP,0.0,0.40338354184962194,2,0
2024-05-30 14:30:00+00:00,TSLA,0.0,0.5672524264334439,2,1
2024-05-30 14:30:00+00:00,MU,0.0,0.352598723780399,2,0
2024-05-30 19:30:00+00:00,APP,0.0,0.0860221951774445,2,0
2024-05-31 13:30:00+00:00,APP,1.0,0.5528197027588254,2,1
2024-05-31 14:30:00+00:00,AMD,0.0,0.13097582064911037,2,0
2024-05-31 14:30:00+00:00,ADI,1.0,0.7590365572354555,2,1
2024-05-31 15:30:00+00:00,AMD,1.0,0.0767108049763519,2,0
2024-05-31 16:30:00+00:00,PFE,1.0,0.510896340537416,2,0
2024-06-03 15:30:00+00:00,AMD,0.0,0.36418850069335273,2,0
2024-06-03 16:30:00+00:00,PLTR,1.0,0.41949900344258595,2,0
2024-06-04 15:30:00+00:00,PANW,1.0,0.6009167630109845,2,1
2024-06-04 15:30:00+00:00,UBER,1.0,0.06002790437443498,2,0
2024-06-04 18:30:00+00:00,PLTR,1.0,0.4224740145591063,2,0
2024-06-04 18:30:00+00:00,AMD,1.0,0.5672524264334439,2,1
2024-06-04 18:30:00+00:00,MU,1.0,0.07266333865336372,2,0
2024-06-04 19:30:00+00:00,TSLA,1.0,0.2242861070521652,2,0
2024-06-05 14:30:00+00:00,GOOG,0.0,0.4387287230418344,2,0
2024-06-05 14:30:00+00:00,GOOGL,0.0,0.526329384925516,2,0
2024-06-05 17:30:00+00:00,ANET,0.0,0.42088216071551826,2,0
2024-06-05 17:30:00+00:00,MDT,1.0,0.7470903560399054,2,1
2024-06-05 19:30:00+00:00,MS,1.0,0.7920331993916019,2,1
2024-06-05 19:30:00+00:00,CVX,1.0,0.5037890589652657,2,0
2024-06-06 13:30:00+00:00,ETN,0.0,0.6784984420062531,2,1
2024-06-06 13:30:00+00:00,GEV,1.0,0.4768471136814482,2,0
2024-06-06 14:30:00+00:00,CRM,0.0,0.15246652575401476,2,0
2024-06-06 15:30:00+00:00,ETN,0.0,0.7290565152755014,2,1
2024-06-06 15:30:00+00:00,NEE,0.0,0.6777328926288634,2,1
2024-06-06 18:30:00+00:00,IBKR,1.0,0.4825357232073242,2,0
2024-06-07 14:30:00+00:00,UNH,0.0,0.7855761491985875,3,1
2024-06-07 14:30:00+00:00,XOM,0.0,0.6888831379355539,3,1
2024-06-07 15:30:00+00:00,BMY,1.0,0.6854669892612919,3,1
2024-06-07 17:30:00+00:00,AMD,0.0,0.3748674076753279,3,0
2024-06-07 17:30:00+00:00,MU,1.0,0.2379883218838426,3,0
2024-06-07 17:30:00+00:00,QCOM,1.0,0.19385357763623168,3,0
2024-06-07 19:30:00+00:00,GEV,1.0,0.5197643091970516,3,0
2024-06-10 13:30:00+00:00,AMD,0.0,0.38521631732536904,3,0
2024-06-10 15:30:00+00:00,AMD,0.0,0.6083060559652117,3,1
2024-06-10 16:30:00+00:00,CRM,0.0,0.3485000423093049,3,0
2024-06-10 17:30:00+00:00,NVDA,1.0,0.543889557798743,3,0
2024-06-10 19:30:00+00:00,AXP,0.0,0.5773558731720955,3,1
2024-06-10 19:30:00+00:00,NVDA,0.0,0.2440911160163451,3,0
2024-06-11 15:30:00+00:00,GEV,1.0,0.22699060039537367,3,0
2024-06-11 17:30:00+00:00,TMO,0.0,0.632935440710809,3,1
2024-06-11 17:30:00+00:00,GEV,1.0,0.6075932608126665,3,1
2024-06-11 17:30:00+00:00,DIS,0.0,0.4453316055037299,3,0
2024-06-11 19:30:00+00:00,MDT,0.0,0.46845891041901,3,0
2024-06-12 16:30:00+00:00,AMD,0.0,0.4941092270210249,3,0
2024-06-13 14:30:00+00:00,AMZN,0.0,0.48826766886597195,3,0
2024-06-14 15:30:00+00:00,AMD,0.0,0.5177555953533789,3,0
2024-06-14 17:30:00+00:00,TSLA,1.0,0.533850691202053,3,0
2024-06-17 13:30:00+00:00,AMD,1.0,0.6309575489677126,3,1
2024-06-17 18:30:00+00:00,C,1.0,0.7043831235260711,3,1
2024-06-17 19:30:00+00:00,GEV,1.0,0.2800568096464243,3,0
2024-06-18 13:30:00+00:00,TSLA,0.0,0.3952163210339471,3,0
2024-06-18 14:30:00+00:00,AMZN,1.0,0.3246612984699309,3,0
2024-06-18 19:30:00+00:00,UBER,0.0,0.6455203360909544,3,1
2024-06-20 14:30:00+00:00,ETN,0.0,0.19478855825011668,3,0
2024-06-21 19:30:00+00:00,AAPL,1.0,0.495747296207727,3,0
2024-06-21 19:30:00+00:00,MS,1.0,0.6914958656818541,3,1
2024-06-24 15:30:00+00:00,AAPL,0.0,0.20946086984452403,3,0
2024-06-24 16:30:00+00:00,TSLA,1.0,0.4739825684213306,3,0
2024-06-24 16:30:00+00:00,AMD,0.0,0.38469581665126074,3,0
2024-06-24 16:30:00+00:00,GE,0.0,0.7262258448142606,3,1
2024-06-24 16:30:00+00:00,META,1.0,0.6910648199623728,3,1
2024-06-24 17:30:00+00:00,GE,1.0,0.5551360747690667,3,1
2024-06-24 18:30:00+00:00,ISRG,1.0,0.6468040449013653,3,1
2024-06-24 19:30:00+00:00,AMD,0.0,0.43326463383195607,3,0
2024-06-25 19:30:00+00:00,AMZN,1.0,0.7908679048160594,3,1
2024-06-26 14:30:00+00:00,AMD,1.0,0.6335058328682402,4,1
2024-06-26 14:30:00+00:00,MU,0.0,0.28200911088488984,4,0
2024-06-26 18:30:00+00:00,AXP,0.0,0.7128084538595503,4,1
2024-06-26 19:30:00+00:00,SCHW,0.0,0.6201864844041998,4,1
2024-06-27 13:30:00+00:00,MU,0.0,0.5668842081620191,4,1
2024-06-27 14:30:00+00:00,LRCX,1.0,0.49386240577935026,4,0
2024-06-27 16:30:00+00:00,NEE,0.0,0.6547768854948202,4,1
2024-06-27 16:30:00+00:00,BMY,0.0,0.7834375888959847,4,1
2024-06-27 19:30:00+00:00,AMAT,1.0,0.8234650361394639,4,1
2024-06-27 19:30:00+00:00,KLAC,1.0,0.6567721151712981,4,1
2024-06-28 13:30:00+00:00,CB,0.0,0.6181787070371006,4,1
2024-06-28 15:30:00+00:00,NVDA,0.0,0.40188053570051513,4,0
2024-06-28 19:30:00+00:00,META,0.0,0.3642593555574155,4,0
2024-06-28 19:30:00+00:00,AAPL,1.0,0.7282874595728305,4,1
2024-07-01 14:30:00+00:00,ISRG,0.0,0.486563039689508,4,0
2024-07-01 17:30:00+00:00,ABBV,0.0,0.5533631176846835,4,1
2024-07-01 18:30:00+00:00,BLK,1.0,0.39898210977189996,4,0
2024-07-02 16:30:00+00:00,GEV,1.0,0.4103694480734876,4,0
2024-07-02 18:30:00+00:00,GEV,1.0,0.2579053325440422,4,0
2024-07-03 14:30:00+00:00,COF,0.0,0.7453802218314396,4,1
2024-07-05 14:30:00+00:00,PANW,0.0,0.4680862188975795,4,0
2024-07-08 14:30:00+00:00,MCD,0.0,0.7519396983426291,4,1
2024-07-08 19:30:00+00:00,RTX,1.0,0.35780702021101346,4,0
2024-07-09 13:30:00+00:00,PFE,1.0,0.38689719871578904,4,0
2024-07-10 13:30:00+00:00,UBER,0.0,0.6061778055063843,4,1
2024-07-10 13:30:00+00:00,ACN,1.0,0.7129897839967992,4,1
2024-07-10 15:30:00+00:00,COF,1.0,0.5225383362186121,4,0
2024-07-10 17:30:00+00:00,NFLX,0.0,0.38239828715901436,4,0
2024-07-11 13:30:00+00:00,APP,1.0,0.5598411345509552,4,1
2024-07-12 13:30:00+00:00,JPM,1.0,0.584823323545702,4,1
2024-07-12 19:30:00+00:00,GEV,0.0,0.35256686869291826,4,0
2024-07-15 15:30:00+00:00,NVDA,0.0,0.300518914877545,4,0
2024-07-15 16:30:00+00:00,AVGO,0.0,0.4466613098896055,4,0
2024-07-15 16:30:00+00:00,AMAT,0.0,0.15053445945432578,4,0
2024-07-15 17:30:00+00:00,MU,0.0,0.44493884934950495,4,0
2024-07-16 15:30:00+00:00,MRK,0.0,0.4680862188975795,4,0
2024-07-16 15:30:00+00:00,GOOG,0.0,0.635434931270489,4,1
2024-07-16 15:30:00+00:00,INTC,1.0,0.43785039031696543,4,0
2024-07-16 15:30:00+00:00,GOOGL,0.0,0.635434931270489,4,1
2024-07-16 16:30:00+00:00,MRK,0.0,0.5455428395906606,5,0
2024-07-16 17:30:00+00:00,LLY,0.0,0.4669956673987683,5,0
2024-07-16 19:30:00+00:00,UBER,0.0,0.4586566576482577,5,0
2024-07-17 14:30:00+00:00,INTC,0.0,0.3162748413585429,5,0
2024-07-17 15:30:00+00:00,PLTR,1.0,0.46986778522076833,5,0
2024-07-17 17:30:00+00:00,INTC,1.0,0.3159702666245368,5,0
2024-07-17 18:30:00+00:00,ISRG,0.0,0.351922450244132,5,0
2024-07-18 14:30:00+00:00,PLTR,0.0,0.2574000598068278,5,0
2024-07-18 17:30:00+00:00,TSLA,0.0,0.2807932480992609,5,0
2024-07-18 17:30:00+00:00,PLTR,0.0,0.24717888214317293,5,0
2024-07-19 18:30:00+00:00,CVX,0.0,0.36881725904159685,5,0
2024-07-19 19:30:00+00:00,AVGO,1.0,0.08567827582301103,5,0
2024-07-22 14:30:00+00:00,APP,1.0,0.46986778522076833,5,0
2024-07-22 16:30:00+00:00,HD,0.0,0.46342719235643903,5,0
2024-07-22 16:30:00+00:00,BAC,0.0,0.3929969558702667,5,0
2024-07-22 17:30:00+00:00,BA,1.0,0.41408378573313714,5,0
2024-07-23 15:30:00+00:00,AVGO,0.0,0.47544318961483045,5,0
2024-07-23 17:30:00+00:00,UBER,0.0,0.3344772880053336,5,0
2024-07-23 17:30:00+00:00,GEV,0.0,0.6013495114303479,5,1
2024-07-23 18:30:00+00:00,MCD,0.0,0.49960719109027396,5,0
2024-07-23 19:30:00+00:00,TSLA,0.0,0.49645945772899164,5,0
2024-07-24 14:30:00+00:00,AMAT,0.0,0.2512030567009041,5,0
2024-07-24 16:30:00+00:00,GEV,0.0,0.8725263453025108,5,1
2024-07-24 17:30:00+00:00,COF,1.0,0.25346950266369145,5,0
2024-07-24 18:30:00+00:00,GEV,0.0,0.2807932480992609,5,0
2024-07-24 19:30:00+00:00,GEV,0.0,0.35898917644342393,5,0
2024-07-25 15:30:00+00:00,SYK,0.0,0.26809203256650566,5,0
2024-07-26 16:30:00+00:00,BX,0.0,0.2937608258465959,5,0
2024-07-26 18:30:00+00:00,UBER,0.0,0.7364897614114292,5,1
2024-07-26 18:30:00+00:00,TXN,0.0,0.5710243757842424,5,1
2024-07-29 14:30:00+00:00,KLAC,0.0,0.4827962386833374,5,0
2024-07-29 15:30:00+00:00,WFC,1.0,0.47978503483369744,5,0
2024-07-29 17:30:00+00:00,META,0.0,0.5987633791242745,5,1
2024-07-29 19:30:00+00:00,KLAC,0.0,0.2622955887384953,5,0
2024-07-30 14:30:00+00:00,GEV,0.0,0.360575760225934,6,0
2024-07-30 14:30:00+00:00,TSLA,0.0,0.5128131244488011,6,0
2024-07-30 15:30:00+00:00,TSLA,1.0,0.305691594016902,6,0
2024-07-30 15:30:00+00:00,GEV,1.0,0.61513184765762,6,1
2024-07-30 17:30:00+00:00,GEV,1.0,0.360575760225934,6,0
2024-07-30 18:30:00+00:00,APP,1.0,0.33217732661463734,6,0
2024-07-31 14:30:00+00:00,SYK,1.0,0.41662101976808547,6,0
2024-07-31 15:30:00+00:00,LLY,1.0,0.1932465205404244,6,0
2024-08-05 19:30:00+00:00,WELL,1.0,0.37512174041255003,6,0
2024-08-06 18:30:00+00:00,AVGO,0.0,0.23946075655948948,6,0
2024-08-06 19:30:00+00:00,AVGO,0.0,0.5758440614730291,6,1
2024-08-07 13:30:00+00:00,LLY,1.0,0.6738028048344569,6,1
2024-08-07 14:30:00+00:00,META,0.0,0.2594225757661618,6,0
2024-08-07 15:30:00+00:00,LOW,0.0,0.48389188994261,6,0
2024-08-07 15:30:00+00:00,AVGO,0.0,0.360575760225934,6,0
2024-08-07 16:30:00+00:00,KLAC,0.0,0.6100350798659533,6,1
2024-08-07 17:30:00+00:00,GEV,1.0,0.37375926545498994,6,0
2024-08-07 17:30:00+00:00,AVGO,1.0,0.2662145309595454,6,0
2024-08-07 19:30:00+00:00,AVGO,1.0,0.5212866371173955,6,0
2024-08-08 17:30:00+00:00,PLTR,0.0,0.19621667967780373,6,0
2024-08-08 18:30:00+00:00,KLAC,0.0,0.37375926545498994,6,0
2024-08-08 19:30:00+00:00,NEE,0.0,0.4331214722174485,6,0
2024-08-09 14:30:00+00:00,CSCO,0.0,0.7839575114608799,6,1
2024-08-09 15:30:00+00:00,ANET,1.0,0.601663695438919,6,1
2024-08-09 17:30:00+00:00,AMGN,0.0,0.2594225757661618,6,0
2024-08-12 14:30:00+00:00,ISRG,1.0,0.5661882493678956,6,1
2024-08-12 15:30:00+00:00,SCHW,0.0,0.4662441240573905,6,0
2024-08-12 17:30:00+00:00,GEV,1.0,0.28907496159169777,6,0
2024-08-12 18:30:00+00:00,LOW,1.0,0.3650454342967078,6,0
2024-08-12 19:30:00+00:00,APP,1.0,0.360575760225934,6,0
2024-08-13 14:30:00+00:00,MRK,0.0,0.5767905755909476,6,1
2024-08-13 15:30:00+00:00,CB,1.0,0.7073059997743164,6,1
2024-08-13 18:30:00+00:00,APP,1.0,0.19621667967780373,6,0
2024-08-13 18:30:00+00:00,INTC,0.0,0.23946075655948948,6,0
2024-08-15 17:30:00+00:00,INTC,1.0,0.360575760225934,6,0
2024-08-19 14:30:00+00:00,TXN,1.0,0.5607667815656199,7,1
2024-08-20 15:30:00+00:00,TXN,1.0,0.42947330137212436,7,0
2024-08-20 19:30:00+00:00,CVX,1.0,0.46726478419974776,7,0
2024-08-21 14:30:00+00:00,META,1.0,0.6934872785612664,7,1
2024-08-21 15:30:00+00:00,LOW,1.0,0.3259968683806488,7,0
2024-08-21 19:30:00+00:00,UNH,0.0,0.46861263930080566,7,0
2024-08-22 13:30:00+00:00,AMAT,0.0,0.29784969359615177,7,0
2024-08-22 13:30:00+00:00,LRCX,0.0,0.5176109742257807,7,0
2024-08-22 16:30:00+00:00,AVGO,0.0,0.3529470609674158,7,0
2024-08-22 17:30:00+00:00,AVGO,0.0,0.41839770619890176,7,0
2024-08-22 17:30:00+00:00,KLAC,0.0,0.4879667323800881,7,0
2024-08-23 19:30:00+00:00,VRTX,0.0,0.5262905911008582,7,0
2024-08-26 16:30:00+00:00,PANW,0.0,0.6418843202099629,7,1
2024-08-26 17:30:00+00:00,PANW,0.0,0.25327467966116785,7,0
2024-08-26 17:30:00+00:00,DHR,0.0,0.4463185638487949,7,0
2024-08-26 19:30:00+00:00,BA,0.0,0.5666432125219286,7,1
2024-08-26 19:30:00+00:00,KLAC,1.0,0.48022574213482605,7,0
2024-08-27 15:30:00+00:00,AMGN,1.0,0.4968918830547933,7,0
2024-08-27 17:30:00+00:00,MCK,1.0,0.29673169245105036,7,0
2024-08-27 19:30:00+00:00,APP,0.0,0.5317295079210628,7,0
2024-08-27 19:30:00+00:00,ORCL,0.0,0.5086653433760268,7,0
2024-08-28 13:30:00+00:00,NEM,1.0,0.5788752443651125,7,1
2024-08-28 13:30:00+00:00,APP,0.0,0.5521374397720445,7,1
2024-08-28 14:30:00+00:00,AMD,0.0,0.4907499381876018,7,0
2024-08-28 14:30:00+00:00,NVDA,0.0,0.45116049875124997,7,0
2024-08-28 17:30:00+00:00,AVGO,1.0,0.49203745429869933,7,0
2024-08-28 19:30:00+00:00,KLAC,1.0,0.350623016377754,7,0
2024-08-28 19:30:00+00:00,QCOM,1.0,0.2541105284341324,7,0
2024-08-28 19:30:00+00:00,AMD,0.0,0.5451052134761055,7,0
2024-08-29 16:30:00+00:00,AVGO,0.0,0.33999847422553764,7,0
2024-08-29 17:30:00+00:00,AVGO,0.0,0.28720600860987144,7,0
2024-08-29 18:30:00+00:00,AVGO,1.0,0.38638503971464905,7,0
2024-08-30 16:30:00+00:00,UBER,1.0,0.6356668882897701,7,1
2024-09-03 15:30:00+00:00,UBER,0.0,0.7442654229029535,7,1
2024-09-03 17:30:00+00:00,APP,0.0,0.23483121585322875,7,0
2024-09-03 17:30:00+00:00,PLTR,0.0,0.2947683677124302,7,0
2024-09-03 17:30:00+00:00,PANW,0.0,0.25130904488820766,7,0
2024-09-03 18:30:00+00:00,APP,0.0,0.3195460287919436,7,0
2024-09-03 19:30:00+00:00,APP,0.0,0.20774563318365388,7,0
2024-09-04 13:30:00+00:00,PANW,0.0,0.3195460287919436,7,0
2024-09-04 17:30:00+00:00,GEV,0.0,0.22024174755911755,7,0
2024-09-05 16:30:00+00:00,AMD,0.0,0.6139680340223151,8,1
2024-09-05 18:30:00+00:00,PFE,1.0,0.7062761378439368,8,1
2024-09-05 19:30:00+00:00,APP,0.0,0.28827580385115054,8,0
2024-09-05 19:30:00+00:00,GEV,0.0,0.7633646258997249,8,1
2024-09-06 15:30:00+00:00,NEM,0.0,0.31240542224446294,8,0
2024-09-06 15:30:00+00:00,BA,1.0,0.6833432427878362,8,1
2024-09-09 17:30:00+00:00,ORCL,0.0,0.6977740667022008,8,1
2024-09-09 17:30:00+00:00,AAPL,1.0,0.442570770044008,8,0
2024-09-10 15:30:00+00:00,TSLA,1.0,0.5775438577929043,8,1
2024-09-10 18:30:00+00:00,APP,1.0,0.2796488865791801,8,0
2024-09-11 14:30:00+00:00,UBER,1.0,0.3289945083957639,8,0
2024-09-12 16:30:00+00:00,UBER,0.0,0.3285912248477012,8,0
2024-09-12 17:30:00+00:00,WFC,0.0,0.2548407410800402,8,0
2024-09-13 13:30:00+00:00,BA,0.0,0.6292841642131901,8,1
2024-09-13 15:30:00+00:00,BA,0.0,0.3480155958010664,8,0
2024-09-13 16:30:00+00:00,BA,0.0,0.31915568872902667,8,0
2024-09-16 16:30:00+00:00,TSLA,1.0,0.526522569940462,8,0
2024-09-16 19:30:00+00:00,TSLA,1.0,0.6060942535011861,8,1
2024-09-17 14:30:00+00:00,MDT,0.0,0.2824605406363989,8,0
2024-09-17 17:30:00+00:00,TSLA,1.0,0.24417448764047284,8,0
2024-09-17 17:30:00+00:00,NVDA,0.0,0.6936156246672087,8,1
2024-09-18 17:30:00+00:00,PEP,0.0,0.2824605406363989,8,0
2024-09-18 18:30:00+00:00,NEM,0.0,0.27497402287858314,8,0
2024-09-18 18:30:00+00:00,NVDA,0.0,0.4034748256701694,8,0
2024-09-18 18:30:00+00:00,LRCX,0.0,0.4034748256701694,8,0
2024-09-18 19:30:00+00:00,NVDA,1.0,0.3285912248477012,8,0
2024-09-18 19:30:00+00:00,AVGO,1.0,0.3142148269875114,8,0
2024-09-18 19:30:00+00:00,KLAC,1.0,0.4023114004226219,8,0
2024-09-19 17:30:00+00:00,IBKR,1.0,0.6492642491463202,8,1
2024-09-20 16:30:00+00:00,INTC,1.0,0.3559182861549208,8,0
2024-09-23 14:30:00+00:00,WFC,0.0,0.24504520656472822,8,0
2024-09-23 18:30:00+00:00,MCK,0.0,0.36182957346686806,8,0
2024-09-24 16:30:00+00:00,NEE,0.0,0.4483997015011663,8,0
2024-09-24 16:30:00+00:00,ISRG,0.0,0.22776770712064476,8,0
2024-09-24 17:30:00+00:00,QCOM,1.0,0.8582472304891402,8,1
2024-09-24 17:30:00+00:00,LRCX,1.0,0.6408378019249921,8,1
2024-09-25 15:30:00+00:00,ACN,1.0,0.2183663781730447,8,0
2024-09-25 16:30:00+00:00,PFE,0.0,0.3483688510913739,8,0
2024-09-25 16:30:00+00:00,GILD,0.0,0.3034025593458569,8,0
2024-09-26 16:30:00+00:00,PLTR,0.0,0.24099148992674704,8,0
2024-09-26 18:30:00+00:00,NEE,1.0,0.2824605406363989,8,0
2024-09-26 18:30:00+00:00,UNP,1.0,0.4596788947980053,8,0
2024-09-27 13:30:00+00:00,NVDA,0.0,0.16756315027391294,9,0
2024-09-27 17:30:00+00:00,NVDA,0.0,0.4610607618197117,9,0
2024-09-27 19:30:00+00:00,GEV,1.0,0.594483667203517,9,1
2024-09-30 17:30:00+00:00,LRCX,0.0,0.41084272773511227,9,0
2024-10-01 15:30:00+00:00,PG,0.0,0.47222592855910617,9,0
2024-10-01 16:30:00+00:00,C,1.0,0.6328586757873089,9,1
2024-10-01 18:30:00+00:00,LRCX,1.0,0.7264599177426776,9,1
2024-10-01 18:30:00+00:00,AMAT,1.0,0.5744122797929437,9,1
2024-10-02 15:30:00+00:00,UNH,0.0,0.47485055121146036,9,0
2024-10-02 15:30:00+00:00,MCD,1.0,0.6556235333462211,9,1
2024-10-02 17:30:00+00:00,LRCX,0.0,0.6504472589959895,9,1
2024-10-02 17:30:00+00:00,KLAC,0.0,0.5083322630417892,9,0
2024-10-02 19:30:00+00:00,LRCX,0.0,0.4360822273934182,9,0
2024-10-03 14:30:00+00:00,GEV,1.0,0.6938508160346784,9,1
2024-10-03 15:30:00+00:00,AVGO,1.0,0.49390893508688605,9,0
2024-10-03 16:30:00+00:00,AMD,1.0,0.19507045231041953,9,0
2024-10-03 16:30:00+00:00,TXN,0.0,0.6787047000631445,9,1
2024-10-03 18:30:00+00:00,PANW,1.0,0.5388924254286303,9,0
2024-10-04 13:30:00+00:00,HD,1.0,0.7508751346062742,9,1
2024-10-04 17:30:00+00:00,TXN,0.0,0.6960261599680483,9,1
2024-10-07 14:30:00+00:00,INTC,0.0,0.6892300279605792,9,1
2024-10-07 14:30:00+00:00,TSLA,0.0,0.5598201712058188,9,1
2024-10-07 18:30:00+00:00,INTC,1.0,0.5872468971397864,9,1
2024-10-07 18:30:00+00:00,KLAC,1.0,0.49224749309085414,9,0
2024-10-07 18:30:00+00:00,MU,0.0,0.51557423001913,9,0
2024-10-08 16:30:00+00:00,KLAC,1.0,0.5123026412447625,9,0
2024-10-08 16:30:00+00:00,AMAT,1.0,0.4913254771965476,9,0
2024-10-08 16:30:00+00:00,LRCX,1.0,0.4113375196878842,9,0
2024-10-08 18:30:00+00:00,COF,0.0,0.7309125453206747,9,1
2024-10-09 14:30:00+00:00,TSLA,0.0,0.46133943970786623,9,0
2024-10-09 18:30:00+00:00,TSLA,0.0,0.5841910473309452,9,1
2024-10-09 18:30:00+00:00,AMD,0.0,0.6476040369040592,9,1
2024-10-10 15:30:00+00:00,AMD,0.0,0.6953910970114241,9,1
2024-10-10 16:30:00+00:00,AMD,0.0,0.7667612482845177,9,1
2024-10-10 17:30:00+00:00,COF,1.0,0.1906543502392149,9,0
2024-10-11 13:30:00+00:00,AVGO,0.0,0.712094028374844,9,1
2024-10-11 14:30:00+00:00,NFLX,0.0,0.4694068326201807,9,0
2024-10-11 15:30:00+00:00,GEV,0.0,0.3420434390996078,9,0
2024-10-11 17:30:00+00:00,ADI,1.0,0.2342220398052358,9,0
2024-10-11 18:30:00+00:00,INTC,0.0,0.620680999521842,9,1
2024-10-11 19:30:00+00:00,COP,0.0,0.6054172792136404,10,1
2024-10-14 13:30:00+00:00,CAT,0.0,0.5091676435919075,10,0
2024-10-14 14:30:00+00:00,AVGO,0.0,0.33785401253261377,10,0
2024-10-14 14:30:00+00:00,MSFT,0.0,0.7217499922020768,10,1
2024-10-14 17:30:00+00:00,AMD,0.0,0.4012571726305136,10,0
2024-10-15 13:30:00+00:00,AMD,0.0,0.5234064765621401,10,0
2024-10-16 18:30:00+00:00,AMGN,0.0,0.5949428919995581,10,1
2024-10-17 16:30:00+00:00,GOOG,0.0,0.5282590927026154,10,0
2024-10-17 16:30:00+00:00,GOOGL,0.0,0.5282590927026154,10,0
2024-10-17 17:30:00+00:00,DE,1.0,0.40511041881269105,10,0
2024-10-17 17:30:00+00:00,QCOM,0.0,0.3471979782420156,10,0
2024-10-17 19:30:00+00:00,QCOM,0.0,0.6868284449320892,10,1
2024-10-17 19:30:00+00:00,ADI,0.0,0.6473058765351749,10,1
2024-10-18 16:30:00+00:00,T,0.0,0.5840507784076077,10,1
2024-10-18 19:30:00+00:00,GEV,1.0,0.5275075407494936,10,0
2024-10-21 17:30:00+00:00,T,0.0,0.6098104325881523,10,1
2024-10-21 18:30:00+00:00,ANET,0.0,0.46074513939378814,10,0
2024-10-22 18:30:00+00:00,AMZN,0.0,0.42328282631967895,10,0
2024-10-22 19:30:00+00:00,ANET,0.0,0.38792273040833,10,0
2024-10-22 19:30:00+00:00,NEE,1.0,0.5630671875204794,10,1
2024-10-22 19:30:00+00:00,APH,1.0,0.26318424769782645,10,0
2024-10-24 14:30:00+00:00,PLTR,1.0,0.7813898334036128,10,1
2024-10-24 17:30:00+00:00,UNH,1.0,0.4272684087569713,10,0
2024-10-25 15:30:00+00:00,COP,0.0,0.13900071457470434,10,0
2024-10-25 16:30:00+00:00,BA,0.0,0.21678063640601952,10,0
2024-10-28 13:30:00+00:00,BA,0.0,0.2007680941335052,10,0
2024-10-28 13:30:00+00:00,COP,0.0,0.13900071457470434,10,0
2024-10-28 15:30:00+00:00,AMGN,0.0,0.7790110230132418,10,1
2024-10-28 16:30:00+00:00,QCOM,1.0,0.4685470292128544,10,0
2024-10-28 17:30:00+00:00,MU,0.0,0.22445101397971257,10,0
2024-10-28 18:30:00+00:00,BA,0.0,0.49407679559752715,10,0
2024-10-28 19:30:00+00:00,BA,1.0,0.421743551061488,10,0
2024-10-28 19:30:00+00:00,ETN,0.0,0.29240650300668014,10,0
2024-10-29 13:30:00+00:00,GILD,0.0,0.4063209035893685,10,0
2024-10-29 14:30:00+00:00,INTC,0.0,0.5234064765621401,10,0
2024-10-29 19:30:00+00:00,NVDA,0.0,0.6952570709607199,10,1
2024-10-30 14:30:00+00:00,INTC,0.0,0.28572414122847006,10,0
2024-10-30 15:30:00+00:00,MU,0.0,0.6177149283693966,10,1
2024-10-30 15:30:00+00:00,BMY,1.0,0.7066173784809745,10,1
2024-10-30 18:30:00+00:00,INTC,0.0,0.16727425219202305,11,0
2024-10-30 18:30:00+00:00,PANW,1.0,0.5349048709380462,11,0
2024-10-30 19:30:00+00:00,BA,0.0,0.14456616568565764,11,0
2024-10-31 15:30:00+00:00,XOM,0.0,0.5349048709380462,11,0
2024-11-01 15:30:00+00:00,GEV,0.0,0.07434055090707625,11,0
2024-11-01 19:30:00+00:00,C,0.0,0.3674085689519421,11,0
2024-11-04 16:30:00+00:00,BX,1.0,0.5604311848314513,11,1
2024-11-04 20:30:00+00:00,NVDA,1.0,0.328061033822478,11,0
2024-11-05 16:30:00+00:00,BA,0.0,0.40907111144528796,11,0
2024-11-05 17:30:00+00:00,INTC,1.0,0.5654428559815663,11,1
2024-11-05 19:30:00+00:00,HON,1.0,0.7049668050886717,11,1
2024-11-08 20:30:00+00:00,SCHW,1.0,0.3528099787415978,11,0
2024-11-12 17:30:00+00:00,UBER,0.0,0.5043811626592047,11,0
2024-11-12 17:30:00+00:00,ANET,0.0,0.5788893531230918,11,1
2024-11-13 20:30:00+00:00,LLY,0.0,0.3469227824622669,11,0
2024-11-13 20:30:00+00:00,ANET,0.0,0.5474616846411988,11,0
2024-11-14 15:30:00+00:00,RTX,0.0,0.2879825614006312,11,0
2024-11-14 16:30:00+00:00,C,1.0,0.7418616193888042,11,1
2024-11-14 18:30:00+00:00,VRTX,0.0,0.5531802523442022,11,1
2024-11-14 20:30:00+00:00,TSLA,1.0,0.328061033822478,11,0
2024-11-15 20:30:00+00:00,INTC,1.0,0.5868107171856753,11,1
2024-11-18 15:30:00+00:00,INTC,1.0,0.5755832674662257,11,1
2024-11-18 16:30:00+00:00,GEV,0.0,0.18007212748744897,11,0
2024-11-18 17:30:00+00:00,GEV,0.0,0.5041057274262258,11,0
2024-11-19 19:30:00+00:00,PM,1.0,0.560773547178523,11,1
2024-11-20 14:30:00+00:00,PLTR,0.0,0.4012192549775942,11,0
2024-11-20 18:30:00+00:00,TSLA,1.0,0.7656728655911305,11,1
2024-11-20 18:30:00+00:00,NVDA,0.0,0.2732441864159759,11,0
2024-11-20 19:30:00+00:00,PM,1.0,0.6050156391974149,11,1
2024-11-20 20:30:00+00:00,BMY,1.0,0.5254578126385047,11,0
2024-11-21 14:30:00+00:00,NVDA,1.0,0.7599342444238912,11,1
2024-11-21 16:30:00+00:00,PLTR,1.0,0.14079058532010014,11,0
2024-11-21 16:30:00+00:00,COP,0.0,0.19319108280532607,11,0
2024-11-21 17:30:00+00:00,COP,0.0,0.27915813214663204,11,0
2024-11-21 17:30:00+00:00,PLTR,1.0,0.14791999929440708,11,0
2024-11-21 19:30:00+00:00,GEV,0.0,0.2732441864159759,11,0
2024-11-21 20:30:00+00:00,GEV,1.0,0.7235948617331358,12,1
2024-11-22 17:30:00+00:00,TSLA,0.0,0.7933127594034016,12,1
2024-11-25 14:30:00+00:00,GEV,0.0,0.6110753715871937,12,1
2024-11-25 15:30:00+00:00,APP,0.0,0.7298148214600069,12,1
2024-11-25 16:30:00+00:00,APP,0.0,0.5511951685386446,12,1
2024-11-25 18:30:00+00:00,AVGO,0.0,0.5826027407450668,12,1
2024-11-25 19:30:00+00:00,APP,0.0,0.5459626197485076,12,0
2024-11-26 20:30:00+00:00,BA,1.0,0.6288395818242721,12,1
2024-11-27 14:30:00+00:00,APP,1.0,0.7794834314112621,12,1
2024-11-27 14:30:00+00:00,NVDA,1.0,0.30159111913928127,12,0
2024-11-27 15:30:00+00:00,ORCL,0.0,0.19969184743972548,12,0
2024-11-27 15:30:00+00:00,PANW,1.0,0.5459626197485076,12,0
2024-11-27 18:30:00+00:00,UBER,0.0,0.25061208921746514,12,0
2024-11-27 19:30:00+00:00,PANW,1.0,0.4270366612621151,12,0
2024-12-05 18:30:00+00:00,BA,0.0,0.31416948630742325,12,0
2024-12-06 16:30:00+00:00,BA,1.0,0.3570801442188911,12,0
2024-12-06 19:30:00+00:00,AMD,0.0,0.12806625581599984,12,0
2024-12-09 14:30:00+00:00,GEV,0.0,0.6741433774356584,12,1
2024-12-10 15:30:00+00:00,LRCX,1.0,0.6136010314624087,12,1
2024-12-12 14:30:00+00:00,APP,0.0,0.7731385700336121,12,1
2024-12-12 16:30:00+00:00,PLTR,1.0,0.5459626197485076,12,0
2024-12-12 18:30:00+00:00,PLTR,1.0,0.7425633028431303,12,1
2024-12-12 18:30:00+00:00,APP,1.0,0.545730305410903,12,0
2024-12-12 18:30:00+00:00,ANET,1.0,0.27212508045671563,12,0
2024-12-12 19:30:00+00:00,APP,1.0,0.7423841162719315,12,1
2024-12-12 20:30:00+00:00,COF,0.0,0.5603445143058224,12,1
2024-12-13 15:30:00+00:00,GEV,0.0,0.6564204640785939,12,1
2024-12-13 15:30:00+00:00,NVDA,0.0,0.5336223079293709,12,0
2024-12-13 15:30:00+00:00,CRM,0.0,0.5647236774998677,12,1
2024-12-13 17:30:00+00:00,APP,1.0,0.5837087060562036,12,1
2024-12-16 14:30:00+00:00,PLTR,1.0,0.5653825292622314,12,1
2024-12-16 17:30:00+00:00,LLY,0.0,0.5873067511673428,12,1
2024-12-16 19:30:00+00:00,PFE,1.0,0.6740997365710821,12,1
2024-12-16 20:30:00+00:00,META,0.0,0.20660530258605847,12,0
2024-12-17 14:30:00+00:00,GEV,0.0,0.05227991269043748,12,0
2024-12-17 14:30:00+00:00,PLTR,1.0,0.7288162782035007,12,1
2024-12-17 17:30:00+00:00,GEV,0.0,0.332392083835142,12,0
2024-12-17 20:30:00+00:00,PLTR,1.0,0.7212613549308298,13,1
2024-12-18 15:30:00+00:00,WFC,0.0,0.03344655406869517,13,0
2024-12-20 15:30:00+00:00,BMY,1.0,0.24326088067560217,13,0
2024-12-20 19:30:00+00:00,NVDA,1.0,0.8174203148191576,13,1
2024-12-20 19:30:00+00:00,PANW,0.0,0.5863447176614422,13,1
2024-12-20 20:30:00+00:00,AVGO,1.0,0.7064159770588931,13,1
2024-12-23 20:30:00+00:00,UBER,0.0,0.41858206404154297,13,0
2024-12-24 16:30:00+00:00,BA,0.0,0.07794224035546082,13,0
2024-12-24 16:30:00+00:00,AMAT,0.0,0.25360297270029136,13,0
2024-12-31 17:30:00+00:00,BX,1.0,0.7263349212746911,13,1
2024-12-31 20:30:00+00:00,AVGO,0.0,0.3499382138273653,13,0
2024-12-31 20:30:00+00:00,GEV,1.0,0.10801393286824361,13,0
2025-01-02 16:30:00+00:00,AMD,1.0,0.409802245157081,13,0
2025-01-02 17:30:00+00:00,AVGO,1.0,0.5060525670779914,13,0
2025-01-02 17:30:00+00:00,GEV,1.0,0.056997907715572144,13,0
2025-01-02 18:30:00+00:00,HCA,0.0,0.09382716117923974,13,0
2025-01-02 20:30:00+00:00,LIN,0.0,0.07636420686074705,13,0
2025-01-02 20:30:00+00:00,JPM,1.0,0.09449865841385245,13,0
2025-01-03 14:30:00+00:00,HCA,1.0,0.04959799528675017,13,0
2025-01-03 16:30:00+00:00,ORCL,0.0,0.12154550963157776,13,0
2025-01-03 19:30:00+00:00,AVGO,1.0,0.6907006288108384,13,1
2025-01-03 20:30:00+00:00,NFLX,0.0,0.4464547009816234,13,0
2025-01-06 15:30:00+00:00,AVGO,0.0,0.4258900962592676,13,0
2025-01-07 18:30:00+00:00,TSLA,0.0,0.5574026989715241,13,1
2025-01-08 16:30:00+00:00,TSLA,1.0,0.7668581987935821,13,1
2025-01-08 18:30:00+00:00,QCOM,0.0,0.1712435054888007,13,0
2025-01-08 19:30:00+00:00,TSLA,0.0,0.7666741901874687,13,1
2025-01-08 20:30:00+00:00,BA,0.0,0.06629001402426438,13,0
2025-01-10 15:30:00+00:00,ADI,0.0,0.06267970629694095,13,0
2025-01-10 17:30:00+00:00,HCA,0.0,0.6617815729503617,13,1
2025-01-10 18:30:00+00:00,VRTX,0.0,0.767774664078427,13,1
2025-01-10 18:30:00+00:00,MS,0.0,0.22938262109420024,13,0
2025-01-10 18:30:00+00:00,HCA,0.0,0.5863447176614422,13,1
2025-01-10 19:30:00+00:00,GOOGL,0.0,0.12388735364308477,13,0
2025-01-10 19:30:00+00:00,GOOG,0.0,0.10960273106063241,13,0
2025-01-10 19:30:00+00:00,META,0.0,0.06955379802708232,13,0
2025-01-13 14:30:00+00:00,MU,0.0,0.6192674665978142,13,1
2025-01-13 14:30:00+00:00,NVDA,0.0,0.5841606638710082,13,1
2025-01-13 17:30:00+00:00,TXN,1.0,0.04959799528675017,13,0
2025-01-13 18:30:00+00:00,VRTX,0.0,0.5961023162469345,13,1
2025-01-14 16:30:00+00:00,ISRG,1.0,0.41536106923003374,14,0
2025-01-14 17:30:00+00:00,AVGO,1.0,0.49533901647528467,14,0
2025-01-14 19:30:00+00:00,APP,1.0,0.794198068204074,14,1
2025-01-15 16:30:00+00:00,INTC,1.0,0.26520404665303615,14,0
2025-01-15 19:30:00+00:00,CRM,1.0,0.3258725989169502,14,0
2025-01-15 19:30:00+00:00,AVGO,1.0,0.47462056259283836,14,0
2025-01-16 15:30:00+00:00,NVDA,0.0,0.4074177254668683,14,0
2025-01-16 17:30:00+00:00,NVDA,1.0,0.6639780150034438,14,1
2025-01-16 19:30:00+00:00,ADI,1.0,0.6193566865119049,14,1
2025-01-16 20:30:00+00:00,NVDA,1.0,0.7627872006119776,14,1
2025-01-17 14:30:00+00:00,LLY,0.0,0.6247585851169093,14,1
2025-01-17 15:30:00+00:00,MRK,0.0,0.4377805906682702,14,0
2025-01-17 15:30:00+00:00,BMY,1.0,0.458600516416543,14,0
2025-01-17 18:30:00+00:00,LLY,0.0,0.3844556878874863,14,0
2025-01-17 19:30:00+00:00,TSLA,0.0,0.7491370581413858,14,1
2025-01-17 20:30:00+00:00,LLY,1.0,0.5483780952650636,14,0
2025-01-17 20:30:00+00:00,VRTX,1.0,0.5812216360270469,14,1
2025-01-21 14:30:00+00:00,TSLA,0.0,0.7556402057176509,14,1
2025-01-21 15:30:00+00:00,GOOG,0.0,0.563228134687824,14,1
2025-01-21 15:30:00+00:00,GOOGL,0.0,0.22501611415781536,14,0
2025-01-21 18:30:00+00:00,MCK,1.0,0.4377805906682702,14,0
2025-01-22 18:30:00+00:00,TSLA,0.0,0.7248722910213458,14,1
2025-01-24 14:30:00+00:00,ADI,0.0,0.538805625154221,14,0
2025-01-24 14:30:00+00:00,TXN,0.0,0.5661671263063732,14,1
2025-01-24 17:30:00+00:00,AMD,0.0,0.16463388204228027,14,0
2025-01-28 17:30:00+00:00,UBER,0.0,0.13399800902746717,14,0
2025-01-29 17:30:00+00:00,PFE,0.0,0.27347079482360237,14,0
2025-01-29 18:30:00+00:00,LOW,1.0,0.21826549081685537,14,0
2025-01-29 18:30:00+00:00,HD,0.0,0.3499367811261642,14,0
2025-01-29 20:30:00+00:00,PLTR,1.0,0.5270227125929594,14,0
2025-01-30 16:30:00+00:00,APP,1.0,0.7556402057176509,14,1
2025-01-30 17:30:00+00:00,APP,1.0,0.794031300369483,14,1
2025-01-31 15:30:00+00:00,AMD,0.0,0.5754602351841526,14,1
2025-01-31 16:30:00+00:00,XOM,0.0,0.1548563369603265,14,0
2025-01-31 17:30:00+00:00,INTC,0.0,0.4071367367136412,14,0
2025-01-31 19:30:00+00:00,NVDA,0.0,0.38143453692678236,14,0
2025-01-31 19:30:00+00:00,APP,0.0,0.5222470058282359,14,0
2025-01-31 20:30:00+00:00,PGR,1.0,0.3425325992994652,15,0
2025-01-31 20:30:00+00:00,UNP,0.0,0.1824228620493693,15,0
2025-02-03 14:30:00+00:00,NVDA,1.0,0.22048617075074428,15,0
2025-02-03 15:30:00+00:00,PG,0.0,0.3425325992994652,15,0
2025-02-03 15:30:00+00:00,MU,0.0,0.22048617075074428,15,0
2025-02-03 17:30:00+00:00,BA,0.0,0.2141471786475746,15,0
2025-02-03 20:30:00+00:00,ANET,0.0,0.4965832417221716,15,0
2025-02-03 20:30:00+00:00,GEV,0.0,0.11791879829917411,15,0
2025-02-03 20:30:00+00:00,APP,1.0,0.8187280796032123,15,1
2025-02-04 15:30:00+00:00,GEV,1.0,0.1306995261125454,15,0
2025-02-04 18:30:00+00:00,CB,0.0,0.6894130902080594,15,1
2025-02-04 18:30:00+00:00,AMGN,1.0,0.3352738850879958,15,0
2025-02-04 19:30:00+00:00,IBKR,1.0,0.6374643670887493,15,1
2025-02-05 15:30:00+00:00,META,1.0,0.5570615079630402,15,1
2025-02-05 17:30:00+00:00,NVDA,1.0,0.7009663475617648,15,1
2025-02-05 20:30:00+00:00,HON,0.0,0.34175420497859516,15,0
2025-02-05 20:30:00+00:00,BKNG,1.0,0.08569886505255182,15,0
2025-02-06 15:30:00+00:00,COP,0.0,0.08569886505255182,15,0
2025-02-06 16:30:00+00:00,META,1.0,0.24828875311503892,15,0
2025-02-06 17:30:00+00:00,HCA,0.0,0.32716059537502074,15,0
2025-02-06 17:30:00+00:00,ETN,0.0,0.3303005978666373,15,0
2025-02-06 18:30:00+00:00,ETN,0.0,0.2493758143616245,15,0
2025-02-07 15:30:00+00:00,APP,0.0,0.8958405206803699,15,1
2025-02-07 18:30:00+00:00,TSLA,0.0,0.1979759077357037,15,0
2025-02-07 18:30:00+00:00,AVGO,1.0,0.5829805042643311,15,1
2025-02-07 19:30:00+00:00,APP,1.0,0.7293646660445766,15,1
2025-02-10 20:30:00+00:00,APP,0.0,0.2254588731056703,15,0
2025-02-10 20:30:00+00:00,IBKR,0.0,0.5759739764167401,15,1
2025-02-11 14:30:00+00:00,GEV,0.0,0.3535689354035906,15,0
2025-02-11 14:30:00+00:00,APP,1.0,0.27605265627039177,15,0
2025-02-11 15:30:00+00:00,PLTR,1.0,0.11791879829917411,15,0
2025-02-11 17:30:00+00:00,AMD,0.0,0.758095485570371,15,1
2025-02-11 18:30:00+00:00,PLTR,1.0,0.7104629779929414,15,1
2025-02-11 20:30:00+00:00,ADI,1.0,0.6894130902080594,15,1
2025-02-12 19:30:00+00:00,ACN,0.0,0.6894130902080594,15,1
2025-02-13 18:30:00+00:00,AMD,1.0,0.32716059537502074,15,0
2025-02-14 18:30:00+00:00,PLD,0.0,0.2997175784718669,15,0
2025-02-18 16:30:00+00:00,BA,0.0,0.16284934601107118,15,0
2025-02-18 16:30:00+00:00,DHR,1.0,0.29835796959756716,15,0
2025-02-18 17:30:00+00:00,TSLA,1.0,0.8964943641571151,15,1
2025-02-19 15:30:00+00:00,BA,0.0,0.5276950677721911,15,0
2025-02-19 20:30:00+00:00,HCA,0.0,0.7679070313480351,16,1
2025-02-20 15:30:00+00:00,GEV,0.0,0.4350881562291506,16,0
2025-02-20 17:30:00+00:00,AMAT,0.0,0.3699980871123483,16,0
2025-02-21 20:30:00+00:00,INTC,0.0,0.4526036939090988,16,0
2025-02-24 19:30:00+00:00,HON,1.0,0.3999929530545194,16,0
2025-02-27 14:30:00+00:00,NVDA,0.0,0.6808559162711106,16,1
2025-02-27 18:30:00+00:00,NVDA,0.0,0.27521966298369926,16,0
2025-02-27 19:30:00+00:00,INTC,1.0,0.5952771783759606,16,1
2025-02-27 20:30:00+00:00,INTC,1.0,0.5780991471423924,16,1
2025-02-28 15:30:00+00:00,GEV,0.0,0.6850636974285741,16,1
2025-02-28 15:30:00+00:00,INTC,1.0,0.4038472310392412,16,0
2025-02-28 16:30:00+00:00,UNH,0.0,0.5291844477920191,16,0
2025-02-28 16:30:00+00:00,PLD,1.0,0.5089751198139125,16,0
2025-02-28 17:30:00+00:00,INTC,1.0,0.8166426247285821,16,1
2025-03-03 14:30:00+00:00,GEV,0.0,0.37816630309897575,16,0
2025-03-03 17:30:00+00:00,GEV,0.0,0.18226993664672225,16,0
2025-03-03 17:30:00+00:00,COP,0.0,0.2630937562872733,16,0
2025-03-03 20:30:00+00:00,MSFT,0.0,0.2815068568706349,16,0
2025-03-04 20:30:00+00:00,PLTR,1.0,0.39647141972129923,16,0
2025-03-06 15:30:00+00:00,PLTR,0.0,0.7790091278222898,16,1
2025-03-07 17:30:00+00:00,PEP,0.0,0.5714557751883743,16,1
2025-03-10 15:30:00+00:00,TMUS,0.0,0.4371589092504623,16,0
2025-03-11 14:30:00+00:00,T,0.0,0.40206910534414353,16,0
2025-03-11 16:30:00+00:00,PLTR,1.0,0.6808559162711106,16,1
2025-03-11 19:30:00+00:00,PLTR,1.0,0.7044650662787902,16,1
2025-03-11 19:30:00+00:00,NVDA,1.0,0.3844739379527693,16,0
2025-03-11 19:30:00+00:00,AVGO,1.0,0.8240710163194703,16,1
2025-03-12 19:30:00+00:00,UNH,0.0,0.5735251825470873,16,1
2025-03-13 14:30:00+00:00,LRCX,1.0,0.7359794720647809,16,1
2025-03-13 16:30:00+00:00,PH,0.0,0.6505413425003959,16,1
2025-03-13 16:30:00+00:00,APP,1.0,0.550721915011804,16,1
2025-03-13 16:30:00+00:00,KLAC,1.0,0.72195095583746,16,1
2025-03-14 15:30:00+00:00,PLTR,0.0,0.8600294450541465,16,1
2025-03-14 15:30:00+00:00,GEV,1.0,0.8094693433616329,16,1
2025-03-14 17:30:00+00:00,ORCL,1.0,0.5531267984611814,16,1
2025-03-14 17:30:00+00:00,UNH,1.0,0.6108943665908961,16,1
2025-03-14 19:30:00+00:00,PLTR,0.0,0.815786071393527,16,1
2025-03-14 19:30:00+00:00,HON,0.0,0.24395160449064607,16,0
2025-03-17 13:30:00+00:00,TSLA,0.0,0.7790091278222898,16,1
2025-03-17 15:30:00+00:00,TSLA,0.0,0.8721199953588907,16,1
2025-03-17 18:30:00+00:00,TSLA,0.0,0.8349979161110841,17,1
2025-03-17 19:30:00+00:00,ISRG,0.0,0.7504371301394008,17,1
2025-03-18 13:30:00+00:00,META,0.0,0.7477166493568105,17,1
2025-03-18 13:30:00+00:00,TSLA,1.0,0.7765116918647592,17,1
2025-03-18 15:30:00+00:00,MDT,0.0,0.3932430834061057,17,0
2025-03-18 16:30:00+00:00,PLTR,1.0,0.491250453670452,17,0
2025-03-18 17:30:00+00:00,ORCL,1.0,0.7381550359829836,17,1
2025-03-18 17:30:00+00:00,PLTR,1.0,0.735290983604829,17,1
2025-03-18 18:30:00+00:00,QCOM,1.0,0.31318679470897104,17,0
2025-03-18 19:30:00+00:00,DE,0.0,0.5551742012163525,17,1
2025-03-19 15:30:00+00:00,DE,0.0,0.633010014403942,17,1
2025-03-19 18:30:00+00:00,NVDA,0.0,0.6386938082299688,17,1
2025-03-19 18:30:00+00:00,PLTR,1.0,0.8099489685726684,17,1
2025-03-19 18:30:00+00:00,IBKR,0.0,0.23928739027905901,17,0
2025-03-19 18:30:00+00:00,WELL,0.0,0.29633011444416946,17,0
2025-03-19 18:30:00+00:00,ANET,0.0,0.43169805748989976,17,0
2025-03-20 14:30:00+00:00,BMY,1.0,0.5653903874837245,17,1
2025-03-20 15:30:00+00:00,PLTR,1.0,0.42575643458074625,17,0
2025-03-20 16:30:00+00:00,PLTR,1.0,0.4158365392860354,17,0
2025-03-20 17:30:00+00:00,ORCL,1.0,0.6921363316968985,17,1
2025-03-20 17:30:00+00:00,META,1.0,0.7535689193070806,17,1
2025-03-20 17:30:00+00:00,TSLA,1.0,0.816058719121155,17,1
2025-03-20 18:30:00+00:00,META,1.0,0.7636093235290502,17,1
2025-03-20 19:30:00+00:00,META,1.0,0.5992605404315429,17,1
2025-03-21 15:30:00+00:00,T,1.0,0.602705367246659,17,1
2025-03-21 17:30:00+00:00,LLY,1.0,0.29409176663129377,17,0
2025-03-21 18:30:00+00:00,MCK,0.0,0.45894120043788095,17,0
2025-03-24 14:30:00+00:00,UBER,0.0,0.785782419939242,17,1
2025-03-24 15:30:00+00:00,ABBV,0.0,0.602705367246659,17,1
2025-03-24 15:30:00+00:00,AVGO,0.0,0.6157766526201299,17,1
2025-03-24 15:30:00+00:00,GEV,0.0,0.30842969571095763,17,0
2025-03-24 17:30:00+00:00,GEV,0.0,0.1077855344130885,17,0
2025-03-24 19:30:00+00:00,VZ,0.0,0.5555494610337669,17,1
2025-03-25 13:30:00+00:00,GEV,0.0,0.16053621628910705,17,0
2025-03-25 14:30:00+00:00,INTC,0.0,0.7828734399353092,17,1
2025-03-25 16:30:00+00:00,AVGO,0.0,0.702535430630068,17,1
2025-03-25 16:30:00+00:00,MU,0.0,0.4817421753291836,17,0
2025-03-25 16:30:00+00:00,BMY,0.0,0.45894120043788095,17,0
2025-03-25 17:30:00+00:00,BMY,0.0,0.1972682623219556,17,0
2025-03-26 15:30:00+00:00,MU,0.0,0.81613545343499,17,1
2025-03-26 16:30:00+00:00,MU,0.0,0.6154430103177608,17,1
2025-03-26 19:30:00+00:00,IBKR,0.0,0.6778370066496997,17,1
2025-03-27 13:30:00+00:00,AMD,0.0,0.7040872948155315,18,1
2025-03-27 15:30:00+00:00,MU,0.0,0.418500231415881,18,0
2025-03-28 18:30:00+00:00,TSLA,0.0,0.5772558215135549,18,1
2025-03-31 15:30:00+00:00,AMGN,0.0,0.3555284794226094,18,0
2025-03-31 16:30:00+00:00,IBM,1.0,0.08108601715255757,18,0
2025-03-31 19:30:00+00:00,PEP,0.0,0.40766906692562427,18,0
2025-04-01 15:30:00+00:00,GILD,1.0,0.3664159964159094,18,0
2025-04-01 15:30:00+00:00,NEM,0.0,0.1651959618901062,18,0
2025-04-02 13:30:00+00:00,TSLA,1.0,0.6436873057172267,18,1
2025-04-09 14:30:00+00:00,APP,1.0,0.6355379698730536,18,1
2025-04-11 14:30:00+00:00,MCK,1.0,0.2889600882858358,18,0
2025-04-11 15:30:00+00:00,ANET,0.0,0.6126622264832265,18,1
2025-04-11 17:30:00+00:00,PGR,1.0,0.3359245991385393,18,0
2025-04-11 17:30:00+00:00,CB,1.0,0.7640353344795986,18,1
2025-04-11 19:30:00+00:00,BKNG,0.0,0.6311305430305822,18,1
2025-04-11 19:30:00+00:00,LIN,0.0,0.6988722067298454,18,1
2025-04-14 13:30:00+00:00,APP,0.0,0.6450128369287579,18,1
2025-04-14 14:30:00+00:00,TSLA,0.0,0.6144526539696209,18,1
2025-04-14 14:30:00+00:00,PLTR,0.0,0.5640370135323932,18,1
2025-04-14 14:30:00+00:00,MU,0.0,0.6764070875920534,18,1
2025-04-14 14:30:00+00:00,INTC,0.0,0.7489440097465945,18,1
2025-04-14 15:30:00+00:00,APP,0.0,0.5987882626928819,18,1
2025-04-14 16:30:00+00:00,APP,0.0,0.6103057427316548,18,1
2025-04-14 17:30:00+00:00,APP,0.0,0.5987882626928819,18,1
2025-04-14 17:30:00+00:00,GS,0.0,0.6717500204354501,18,1
2025-04-14 18:30:00+00:00,BKNG,0.0,0.7896084380841001,18,1
2025-04-14 18:30:00+00:00,COP,0.0,0.5140145944355973,18,0
2025-04-14 18:30:00+00:00,XOM,0.0,0.6694969117305634,18,1
2025-04-14 18:30:00+00:00,APP,0.0,0.6157199812870102,18,1
2025-04-14 19:30:00+00:00,AAPL,0.0,0.6718562948516669,18,1
2025-04-14 19:30:00+00:00,INTC,0.0,0.5592299815745568,18,1
2025-04-14 19:30:00+00:00,PLTR,1.0,0.4833862426160354,18,0
2025-04-14 19:30:00+00:00,GEV,0.0,0.6419670892820724,18,1
2025-04-15 13:30:00+00:00,BA,0.0,0.7073498716740846,18,1
2025-04-15 14:30:00+00:00,MRK,0.0,0.15368281589174046,18,0
2025-04-15 15:30:00+00:00,PFE,0.0,0.5539158686740161,18,1
2025-04-15 15:30:00+00:00,SYK,0.0,0.5787099540474807,18,1
2025-04-15 16:30:00+00:00,ADI,0.0,0.7316282871456581,18,1
2025-04-15 16:30:00+00:00,META,0.0,0.7408083785838712,18,1
2025-04-15 16:30:00+00:00,MU,0.0,0.6311305430305822,18,1
2025-04-15 16:30:00+00:00,APP,0.0,0.6001633358938171,18,1
2025-04-15 17:30:00+00:00,BA,0.0,0.8236620027162842,18,1
2025-04-16 13:30:00+00:00,NVDA,0.0,0.704311863888664,18,1
2025-04-16 15:30:00+00:00,TSLA,0.0,0.7152031093601546,18,1
2025-04-16 16:30:00+00:00,APP,0.0,0.755800098949483,18,1
2025-04-16 17:30:00+00:00,PLTR,0.0,0.6084225434793231,18,1
2025-04-16 17:30:00+00:00,TSLA,0.0,0.8052550791397364,18,1
2025-04-16 17:30:00+00:00,KLAC,0.0,0.4182975563766448,18,0
2025-04-16 18:30:00+00:00,APP,1.0,0.7422280296460531,18,1
2025-04-16 18:30:00+00:00,MU,0.0,0.7371257601354488,18,1
2025-04-17 14:30:00+00:00,GILD,0.0,0.33158492886882046,19,0
2025-04-17 15:30:00+00:00,GILD,0.0,0.35911772189691343,19,0
2025-04-22 15:30:00+00:00,NEM,0.0,0.5221587562528457,19,0
2025-04-22 17:30:00+00:00,NEM,0.0,0.3196059803988811,19,0
2025-04-22 18:30:00+00:00,PLTR,1.0,0.6988381192318711,19,1
2025-04-22 18:30:00+00:00,TSLA,1.0,0.7309302734204226,19,1
2025-04-23 14:30:00+00:00,IBKR,0.0,0.3419385997291256,19,0
2025-04-23 16:30:00+00:00,T,1.0,0.27660739599454887,19,0
2025-04-24 15:30:00+00:00,TMO,0.0,0.43711365674056396,19,0
2025-04-24 16:30:00+00:00,AMGN,1.0,0.4968892215920381,19,0
2025-04-24 19:30:00+00:00,ABT,0.0,0.3864748578872842,19,0
2025-04-25 14:30:00+00:00,T,1.0,0.23447629088446056,19,0
2025-04-28 15:30:00+00:00,TMO,1.0,0.5688512199863234,19,1
2025-04-29 14:30:00+00:00,NEM,0.0,0.5991157752500247,19,1
2025-04-29 17:30:00+00:00,NEE,0.0,0.4163386051273961,19,0
2025-04-29 18:30:00+00:00,ADI,0.0,0.4417633437932243,19,0
2025-04-29 18:30:00+00:00,GILD,0.0,0.5620709144082071,19,1
2025-04-29 19:30:00+00:00,GILD,1.0,0.25340831040252165,19,0
2025-05-02 15:30:00+00:00,GILD,0.0,0.5724094271773208,19,1
2025-05-02 16:30:00+00:00,NEE,0.0,0.33158492886882046,19,0
2025-05-02 16:30:00+00:00,CVX,0.0,0.45227845080955376,19,0
2025-05-05 13:30:00+00:00,XOM,1.0,0.46448972784679765,19,0
2025-05-05 13:30:00+00:00,COP,0.0,0.286561865295296,19,0
2025-05-06 17:30:00+00:00,JNJ,0.0,0.4368494293014734,19,0
2025-05-06 19:30:00+00:00,AMD,0.0,0.23625407240897325,19,0
2025-05-07 17:30:00+00:00,DE,1.0,0.4428331023844527,19,0
2025-05-07 17:30:00+00:00,APP,1.0,0.3765237340133417,19,0
2025-05-07 17:30:00+00:00,GEV,1.0,0.4203310211694234,19,0
2025-05-08 15:30:00+00:00,NEM,1.0,0.36514336759123883,19,0
2025-05-08 16:30:00+00:00,COP,0.0,0.21949891422349962,19,0
2025-05-09 16:30:00+00:00,ABT,0.0,0.37136728937889485,19,0
2025-05-09 18:30:00+00:00,ABBV,1.0,0.3694598289796486,19,0
2025-05-09 19:30:00+00:00,DHR,1.0,0.30711164016868214,19,0
2025-05-09 19:30:00+00:00,QCOM,1.0,0.22555879375409515,19,0
2025-05-12 16:30:00+00:00,PLTR,1.0,0.6920825002966499,19,1
2025-05-13 18:30:00+00:00,VRTX,0.0,0.2579574479282654,19,0
2025-05-15 19:30:00+00:00,GEV,1.0,0.12909742229679697,19,0
2025-05-16 17:30:00+00:00,GEV,1.0,0.7082642217221576,20,1
2025-05-16 19:30:00+00:00,INTC,0.0,0.45925692383067956,20,0
2025-05-16 19:30:00+00:00,COF,1.0,0.3618342161754283,20,0
2025-05-19 13:30:00+00:00,COP,0.0,0.31681921114824735,20,0
2025-05-19 13:30:00+00:00,PLTR,0.0,0.5188614834389899,20,0
2025-05-19 13:30:00+00:00,AAPL,0.0,0.4400639385886658,20,0
2025-05-19 14:30:00+00:00,PLTR,0.0,0.613421668860515,20,1
2025-05-19 17:30:00+00:00,APP,0.0,0.6509902292899954,20,1
2025-05-19 17:30:00+00:00,COF,0.0,0.864913953691234,20,1
2025-05-19 17:30:00+00:00,LRCX,0.0,0.20596665995356261,20,0
2025-05-19 18:30:00+00:00,ORCL,0.0,0.26513936191444654,20,0
2025-05-19 19:30:00+00:00,ORCL,0.0,0.25787806100427113,20,0
2025-05-19 19:30:00+00:00,CRM,0.0,0.46743379747708264,20,0
2025-05-19 19:30:00+00:00,APP,0.0,0.7275742390260168,20,1
2025-05-19 19:30:00+00:00,PLTR,0.0,0.6746980016179925,20,1
2025-05-20 13:30:00+00:00,ANET,0.0,0.1879131291268428,20,0
2025-05-20 13:30:00+00:00,APP,1.0,0.6589663135894464,20,1
2025-05-20 16:30:00+00:00,TMUS,1.0,0.8016259018645896,20,1
2025-05-20 18:30:00+00:00,GOOGL,1.0,0.1879131291268428,20,0
2025-05-20 18:30:00+00:00,LOW,0.0,0.4395479703499376,20,0
2025-05-20 19:30:00+00:00,APP,1.0,0.8072916575950893,20,1
2025-05-21 18:30:00+00:00,APP,0.0,0.7587034590358003,20,1
2025-05-23 17:30:00+00:00,TSLA,1.0,0.6305601660414052,20,1
2025-05-23 19:30:00+00:00,GOOG,1.0,0.29775888567686665,20,0
2025-05-27 14:30:00+00:00,PLTR,0.0,0.4456730008545502,20,0
2025-05-27 15:30:00+00:00,PLTR,0.0,0.4456730008545502,20,0
2025-05-27 17:30:00+00:00,PLTR,0.0,0.4712202943154293,20,0
2025-05-27 19:30:00+00:00,JNJ,0.0,0.567281565255139,20,1
2025-05-28 14:30:00+00:00,MRK,0.0,0.6155122368781932,20,1
2025-05-28 16:30:00+00:00,PLTR,0.0,0.8025134630509009,20,1
2025-05-28 16:30:00+00:00,PANW,0.0,0.5724390280359583,20,1
2025-05-28 17:30:00+00:00,PFE,1.0,0.7780828903551038,20,1
2025-05-28 19:30:00+00:00,ADI,0.0,0.5325579328386607,20,0
2025-05-28 19:30:00+00:00,PLTR,0.0,0.7099360095347609,20,1
2025-05-29 15:30:00+00:00,INTC,0.0,0.4162912744427801,20,0
2025-05-29 15:30:00+00:00,AMD,0.0,0.5323336235355126,20,0
2025-05-29 15:30:00+00:00,UNH,1.0,0.4755322040111537,20,0
2025-05-29 16:30:00+00:00,KLAC,0.0,0.6783276852424022,20,1
2025-05-29 16:30:00+00:00,AMAT,0.0,0.3150680647644342,20,0
2025-05-29 17:30:00+00:00,AMZN,0.0,0.33498253313399934,20,0
2025-05-29 18:30:00+00:00,WMT,1.0,0.567281565255139,20,1
2025-05-29 18:30:00+00:00,HCA,1.0,0.5282157272855856,20,0
2025-05-29 19:30:00+00:00,NEM,0.0,0.5595027507313469,20,1
2025-05-30 13:30:00+00:00,MU,0.0,0.3044030348435527,20,0
2025-05-30 15:30:00+00:00,TSLA,0.0,0.4611454762527394,20,0
2025-05-30 16:30:00+00:00,TSLA,0.0,0.5340237838715153,20,0
2025-05-30 17:30:00+00:00,TMUS,0.0,0.5799972149167757,21,1
2025-05-30 18:30:00+00:00,DE,0.0,0.30373576508457134,21,0
2025-05-30 19:30:00+00:00,CAT,0.0,0.2833109208857842,21,0
2025-05-30 19:30:00+00:00,TSLA,0.0,0.3851780084535182,21,0
2025-06-02 15:30:00+00:00,IBKR,1.0,0.7948357683085593,21,1
2025-06-02 16:30:00+00:00,WELL,1.0,0.17818588234954674,21,0
2025-06-02 16:30:00+00:00,VRTX,1.0,0.06949446413373803,21,0
2025-06-02 18:30:00+00:00,NEE,1.0,0.8729609007022703,21,1
2025-06-02 18:30:00+00:00,NVDA,1.0,0.25356655755487517,21,0
2025-06-03 15:30:00+00:00,VRTX,1.0,0.30538103998984373,21,0
2025-06-03 18:30:00+00:00,BKNG,1.0,0.19572291136605657,21,0
2025-06-03 19:30:00+00:00,TSLA,0.0,0.5335726620010587,21,0
2025-06-04 15:30:00+00:00,CRM,1.0,0.4852742910718462,21,0
2025-06-04 16:30:00+00:00,AMGN,0.0,0.3308717915442262,21,0
2025-06-04 16:30:00+00:00,KLAC,1.0,0.717656226378515,21,1
2025-06-04 17:30:00+00:00,PGR,0.0,0.183817070780266,21,0
2025-06-04 19:30:00+00:00,PLTR,0.0,0.2569526015837941,21,0
2025-06-04 19:30:00+00:00,TMUS,1.0,0.24687113995212093,21,0
2025-06-05 14:30:00+00:00,UNH,0.0,0.10958686934583109,21,0
2025-06-05 15:30:00+00:00,PLTR,0.0,0.3863942995136454,21,0
2025-06-05 16:30:00+00:00,PLTR,0.0,0.46445927697416056,21,0
2025-06-05 19:30:00+00:00,NEM,0.0,0.3782007828802718,21,0
2025-06-06 13:30:00+00:00,NEM,0.0,0.40862566073018974,21,0
2025-06-06 14:30:00+00:00,AMD,1.0,0.8400006021146915,21,1
2025-06-06 15:30:00+00:00,TMO,0.0,0.4162218701411943,21,0
2025-06-06 17:30:00+00:00,TMO,1.0,0.15750685281609678,21,0
2025-06-06 19:30:00+00:00,GEV,0.0,0.21061612276253092,21,0
2025-06-09 15:30:00+00:00,NVDA,1.0,0.7025699234620479,21,1
2025-06-10 15:30:00+00:00,CRM,0.0,0.8905270787781421,21,1
2025-06-10 19:30:00+00:00,GILD,0.0,0.7570821212267137,21,1
2025-06-11 15:30:00+00:00,BA,0.0,0.8311014079255484,21,1
2025-06-11 16:30:00+00:00,VZ,0.0,0.06949446413373803,21,0
2025-06-12 14:30:00+00:00,UBER,0.0,0.17074974657885683,21,0
2025-06-12 16:30:00+00:00,AMD,0.0,0.4199390922387241,21,0
2025-06-12 17:30:00+00:00,TSLA,0.0,0.6105174657350485,21,1
2025-06-12 17:30:00+00:00,AMD,0.0,0.6184336867086783,21,1
2025-06-12 19:30:00+00:00,NFLX,0.0,0.790602283868963,22,1
2025-06-13 14:30:00+00:00,GILD,0.0,0.8104460213773405,22,1
2025-06-13 17:30:00+00:00,TSLA,0.0,0.4491932532484703,22,0
2025-06-13 19:30:00+00:00,TSLA,0.0,0.4120629612937716,22,0
2025-06-16 15:30:00+00:00,PGR,0.0,0.7439735458047274,22,1
2025-06-16 16:30:00+00:00,TSLA,0.0,0.20580421702126808,22,0
2025-06-16 16:30:00+00:00,T,0.0,0.21689316053498356,22,0
2025-06-16 19:30:00+00:00,AVGO,0.0,0.4658055081648864,22,0
2025-06-17 14:30:00+00:00,ANET,0.0,0.20183593739706002,22,0
2025-06-17 15:30:00+00:00,QCOM,0.0,0.3252597579255266,22,0
2025-06-17 17:30:00+00:00,INTC,1.0,0.4217720526084878,22,0
2025-06-17 19:30:00+00:00,AVGO,1.0,0.40418065670576114,22,0
2025-06-18 15:30:00+00:00,UBER,0.0,0.13154602702733062,22,0
2025-06-18 16:30:00+00:00,IBKR,0.0,0.6585406523333832,22,1
2025-06-18 17:30:00+00:00,LMT,1.0,0.7576194216626133,22,1
2025-06-18 19:30:00+00:00,AMZN,0.0,0.6373079461791283,22,1
2025-06-20 14:30:00+00:00,LRCX,1.0,0.6086850086737906,22,1
2025-06-20 19:30:00+00:00,PEP,0.0,0.3274236143417648,22,0
2025-06-20 19:30:00+00:00,WELL,1.0,0.7077888187104138,22,1
2025-06-23 14:30:00+00:00,BX,0.0,0.37519689504777903,22,0
2025-06-23 15:30:00+00:00,PLTR,1.0,0.2422511930552116,22,0
2025-06-23 15:30:00+00:00,INTC,1.0,0.4210573645715767,22,0
2025-06-23 16:30:00+00:00,LMT,0.0,0.8613265689315631,22,1
2025-06-23 16:30:00+00:00,COP,0.0,0.726676863524815,22,1
2025-06-23 17:30:00+00:00,LMT,0.0,0.49900028875230196,22,0
2025-06-24 16:30:00+00:00,MRK,0.0,0.1276438000489261,22,0
2025-06-25 16:30:00+00:00,MRK,1.0,0.4864464110729345,22,0
2025-06-26 14:30:00+00:00,PANW,0.0,0.6549317256194631,22,1
2025-06-26 15:30:00+00:00,WELL,0.0,0.2925230223378291,22,0
2025-06-26 16:30:00+00:00,MU,0.0,0.16456493756874593,22,0
2025-06-26 16:30:00+00:00,WELL,0.0,0.28584559073942517,22,0
2025-06-26 17:30:00+00:00,WELL,0.0,0.2058289955590602,22,0
2025-06-26 17:30:00+00:00,TSLA,0.0,0.32799852351752806,22,0
2025-06-26 19:30:00+00:00,TSLA,0.0,0.25239651946723113,22,0
2025-06-26 19:30:00+00:00,SPGI,1.0,0.3919891761452535,22,0
2025-06-27 13:30:00+00:00,APP,0.0,0.4743068110124887,22,0
2025-06-27 13:30:00+00:00,NEM,0.0,0.1715577939307355,22,0
2025-06-27 14:30:00+00:00,MU,0.0,0.26560942386763875,22,0
2025-06-27 17:30:00+00:00,ORCL,0.0,0.514944629291074,23,0
2025-06-27 19:30:00+00:00,APP,1.0,0.5544594621698696,23,1
2025-06-30 14:30:00+00:00,PLD,1.0,0.08573407988253633,23,0
2025-06-30 15:30:00+00:00,DHR,1.0,0.8250601127192387,23,1
2025-07-01 17:30:00+00:00,LLY,0.0,0.7543179788931026,23,1
2025-07-02 16:30:00+00:00,BA,1.0,0.4634885825211072,23,0
2025-07-02 17:30:00+00:00,SPGI,1.0,0.5318650169624479,23,0
2025-07-03 14:30:00+00:00,BA,0.0,0.39970109596721176,23,0
2025-07-07 14:30:00+00:00,DHR,0.0,0.5757504636739871,23,1
2025-07-07 17:30:00+00:00,ABBV,1.0,0.5787101891824088,23,1
2025-07-07 17:30:00+00:00,APP,1.0,0.41434517974792895,23,0
2025-07-07 18:30:00+00:00,NEE,0.0,0.6338327579267705,23,1
2025-07-07 19:30:00+00:00,META,1.0,0.5256372385692407,23,0
2025-07-08 13:30:00+00:00,NEE,1.0,0.5446503173948329,23,0
2025-07-08 13:30:00+00:00,NEM,0.0,0.10313139904242291,23,0
2025-07-08 14:30:00+00:00,NEM,1.0,0.4559730114547519,23,0
2025-07-08 15:30:00+00:00,NEE,1.0,0.3124916647400644,23,0
2025-07-08 16:30:00+00:00,MRK,1.0,0.6328932598954062,23,1
2025-07-08 17:30:00+00:00,APP,1.0,0.6022950611181866,23,1
2025-07-09 13:30:00+00:00,UNH,0.0,0.08446404777752436,23,0
2025-07-09 14:30:00+00:00,TMO,1.0,0.7037635797045745,23,1
2025-07-09 15:30:00+00:00,T,0.0,0.4891781873793715,23,0
2025-07-09 16:30:00+00:00,BKNG,1.0,0.506718051755164,23,0
2025-07-09 17:30:00+00:00,GE,0.0,0.5903109850848018,23,1
2025-07-09 18:30:00+00:00,GEV,0.0,0.3301838824087029,23,0
2025-07-10 14:30:00+00:00,MCK,0.0,0.7506407671934784,23,1
2025-07-10 16:30:00+00:00,TSLA,1.0,0.35040419865585465,23,0
2025-07-11 14:30:00+00:00,TSLA,1.0,0.30445180248615716,23,0
2025-07-11 16:30:00+00:00,GEV,1.0,0.5062987546658452,23,0
2025-07-11 17:30:00+00:00,UBER,0.0,0.5908552449986273,23,1
2025-07-14 13:30:00+00:00,MU,0.0,0.31120597473204265,23,0
2025-07-14 14:30:00+00:00,COP,0.0,0.2942038097034876,23,0
2025-07-14 15:30:00+00:00,NEE,1.0,0.344420806741823,24,0
2025-07-14 17:30:00+00:00,LLY,0.0,0.7871968414063136,24,1
2025-07-15 15:30:00+00:00,DE,0.0,0.7269823081878674,24,1
2025-07-15 15:30:00+00:00,ANET,1.0,0.3753443975271914,24,0
2025-07-15 18:30:00+00:00,INTC,0.0,0.25143447822566,24,0
2025-07-17 14:30:00+00:00,DE,1.0,0.7716175399109325,24,1
2025-07-17 17:30:00+00:00,APP,1.0,0.11421988451887569,24,0
2025-07-17 18:30:00+00:00,GS,0.0,0.613309078639906,24,1
2025-07-17 19:30:00+00:00,IBKR,1.0,0.6091477363138886,24,1
2025-07-17 19:30:00+00:00,AAPL,1.0,0.719089234062961,24,1
2025-07-18 15:30:00+00:00,CVX,0.0,0.6737512587909956,24,1
2025-07-18 17:30:00+00:00,CVX,1.0,0.7190482084821845,24,1
2025-07-18 19:30:00+00:00,INTC,0.0,0.3056906287055035,24,0
2025-07-21 14:30:00+00:00,ADI,0.0,0.6466150183195548,24,1
2025-07-21 19:30:00+00:00,DE,1.0,0.1655931999829253,24,0
2025-07-22 14:30:00+00:00,HCA,0.0,0.23467633361725365,24,0
2025-07-24 19:30:00+00:00,BKNG,0.0,0.7194348047555519,24,1
2025-07-25 16:30:00+00:00,APP,1.0,0.24779091968802222,24,0
2025-07-25 19:30:00+00:00,ANET,1.0,0.1981945036093349,24,0
2025-07-29 13:30:00+00:00,UNH,0.0,0.5143494476717329,24,0
2025-07-29 13:30:00+00:00,BA,0.0,0.46908452611669255,24,0
2025-07-29 15:30:00+00:00,T,0.0,0.7063954358710618,24,1
2025-07-30 14:30:00+00:00,TSLA,0.0,0.37630876502985794,24,0
2025-07-30 17:30:00+00:00,TSLA,0.0,0.5644210974979172,24,1
2025-07-30 17:30:00+00:00,NEM,0.0,0.34343094579982625,24,0
2025-07-30 19:30:00+00:00,QCOM,0.0,0.5369189591356542,24,0
2025-07-31 17:30:00+00:00,GILD,0.0,0.8066304629743419,24,1
2025-07-31 19:30:00+00:00,NFLX,1.0,0.719089234062961,24,1
2025-08-04 14:30:00+00:00,GEV,0.0,0.3318047209084783,24,0
2025-08-04 19:30:00+00:00,NEE,1.0,0.7001995722377362,24,1
2025-08-05 14:30:00+00:00,GEV,1.0,0.3055839291336403,24,0
2025-08-05 14:30:00+00:00,APP,0.0,0.41631856366335074,24,0
2025-08-05 18:30:00+00:00,AMD,0.0,0.30488112913320925,24,0
2025-08-05 19:30:00+00:00,APP,1.0,0.1432864115385781,24,0
2025-08-05 19:30:00+00:00,AVGO,1.0,0.5200414225057083,24,0
2025-08-06 14:30:00+00:00,LLY,0.0,0.7123381200194583,24,1
2025-08-06 15:30:00+00:00,TMO,0.0,0.44098241642528413,25,0
2025-08-06 17:30:00+00:00,PLD,0.0,0.5911134993390686,25,1
2025-08-06 17:30:00+00:00,COP,0.0,0.5962473722404302,25,1
2025-08-07 15:30:00+00:00,MA,0.0,0.45322051982407285,25,0
2025-08-07 15:30:00+00:00,ORCL,0.0,0.449174727493294,25,0
2025-08-07 17:30:00+00:00,ORCL,1.0,0.44907065715063227,25,0
2025-08-07 18:30:00+00:00,IBM,0.0,0.5044935382256385,25,0
2025-08-08 16:30:00+00:00,AMD,0.0,0.3733751071268378,25,0
2025-08-11 15:30:00+00:00,AMD,1.0,0.4519017248095012,25,0
2025-08-11 19:30:00+00:00,ADI,1.0,0.5710917832353366,25,1
2025-08-12 14:30:00+00:00,NEE,0.0,0.6535019503881114,25,1
2025-08-12 14:30:00+00:00,GEV,0.0,0.3664466606812489,25,0
2025-08-12 15:30:00+00:00,DE,1.0,0.5097104595295514,25,0
2025-08-12 16:30:00+00:00,GEV,0.0,0.3664466606812489,25,0
2025-08-12 19:30:00+00:00,CVX,1.0,0.5585707115450992,25,1
2025-08-13 13:30:00+00:00,GEV,0.0,0.4039362068740118,25,0
2025-08-13 17:30:00+00:00,UBER,1.0,0.5733530384848594,25,1
2025-08-15 19:30:00+00:00,MSFT,0.0,0.3601225450590711,25,0
2025-08-18 13:30:00+00:00,BA,1.0,0.6346304794662542,25,1
2025-08-18 13:30:00+00:00,META,0.0,0.32672996977218843,25,0
2025-08-18 13:30:00+00:00,COP,0.0,0.36204825682484204,25,0
2025-08-18 15:30:00+00:00,MDT,0.0,0.5211423530044387,25,0
2025-08-18 15:30:00+00:00,VRTX,0.0,0.45322051982407285,25,0
2025-08-19 13:30:00+00:00,AMD,0.0,0.43109612288667953,25,0
2025-08-19 14:30:00+00:00,TSLA,0.0,0.45911961562851544,25,0
2025-08-19 16:30:00+00:00,TSLA,0.0,0.4448777837469073,25,0
2025-08-19 19:30:00+00:00,ADI,1.0,0.4628864694392567,25,0
2025-08-22 19:30:00+00:00,INTC,0.0,0.5017408204384849,25,0
2025-08-25 15:30:00+00:00,LLY,1.0,0.3908066383415387,25,0
2025-08-25 16:30:00+00:00,ORCL,0.0,0.569951963212004,25,1
2025-08-25 17:30:00+00:00,INTC,0.0,0.44098241642528413,25,0
2025-08-25 19:30:00+00:00,AVGO,1.0,0.630715265503637,25,1
2025-08-25 19:30:00+00:00,INTC,0.0,0.4465834018747428,25,0
2025-08-26 16:30:00+00:00,ORCL,0.0,0.5442672069878252,25,0
2025-08-26 16:30:00+00:00,INTC,1.0,0.4521035554383837,25,0
2025-08-26 17:30:00+00:00,ORCL,1.0,0.6984103525796224,25,1
2025-08-26 17:30:00+00:00,MU,1.0,0.3572915763185114,25,0
2025-08-26 19:30:00+00:00,UNH,0.0,0.6855148660451281,25,1
2025-08-27 14:30:00+00:00,UBER,0.0,0.5861696306342337,25,1
2025-08-27 15:30:00+00:00,ANET,1.0,0.3895973244304994,26,0
2025-08-27 18:30:00+00:00,ISRG,0.0,0.5162377033566861,26,0
2025-08-28 15:30:00+00:00,BMY,1.0,0.45672591393621637,26,0
2025-08-28 15:30:00+00:00,INTC,0.0,0.7294714833281752,26,1
2025-08-28 17:30:00+00:00,TXN,0.0,0.5731363988035637,26,1
2025-08-28 17:30:00+00:00,NFLX,0.0,0.2620058775176025,26,0
2025-08-28 19:30:00+00:00,AMAT,0.0,0.36313822195470064,26,0
2025-08-28 19:30:00+00:00,TMUS,1.0,0.5162377033566861,26,0
2025-08-28 19:30:00+00:00,TXN,0.0,0.7086315256386161,26,1
2025-08-29 17:30:00+00:00,INTC,0.0,0.5694308590650605,26,1
2025-09-02 14:30:00+00:00,AAPL,1.0,0.4894260093076437,26,0
2025-09-02 16:30:00+00:00,T,0.0,0.42838949923071185,26,0
2025-09-02 19:30:00+00:00,ANET,1.0,0.3377179446648085,26,0
2025-09-04 17:30:00+00:00,MCK,0.0,0.35129961391086995,26,0
2025-09-04 19:30:00+00:00,AMAT,1.0,0.5636983056908804,26,1
2025-09-05 14:30:00+00:00,BKNG,0.0,0.3004204506164372,26,0
2025-09-05 16:30:00+00:00,ACN,1.0,0.29220074782736516,26,0
2025-09-05 19:30:00+00:00,GEV,1.0,0.43807633382433664,26,0
2025-09-08 17:30:00+00:00,GE,0.0,0.3283809527170766,26,0
2025-09-08 18:30:00+00:00,GEV,1.0,0.2543816106281927,26,0
2025-09-08 19:30:00+00:00,GE,0.0,0.3381870540451716,26,0
2025-09-09 16:30:00+00:00,AXP,1.0,0.5576448272162622,26,1
2025-09-09 17:30:00+00:00,ISRG,0.0,0.6709961406399798,26,1
2025-09-09 18:30:00+00:00,PLD,0.0,0.3638747016940853,26,0
2025-09-10 16:30:00+00:00,ISRG,1.0,0.7475024467903612,26,1
2025-09-10 19:30:00+00:00,NFLX,0.0,0.6194606559395887,26,1
2025-09-10 19:30:00+00:00,DE,1.0,0.27272843363533616,26,0
2025-09-11 15:30:00+00:00,UBER,0.0,0.37738764404174996,26,0
2025-09-12 14:30:00+00:00,DHR,0.0,0.5664884078703672,26,1
2025-09-12 17:30:00+00:00,AMD,0.0,0.4791675246804457,26,0
2025-09-15 14:30:00+00:00,ISRG,0.0,0.649169395793288,26,1
2025-09-15 15:30:00+00:00,TMUS,0.0,0.6656238462898431,26,1
2025-09-15 17:30:00+00:00,ORCL,1.0,0.45572710482595,26,0
2025-09-15 19:30:00+00:00,ANET,0.0,0.25076489547922987,26,0
2025-09-16 13:30:00+00:00,GEV,0.0,0.3761021869334793,26,0
2025-09-16 14:30:00+00:00,ANET,0.0,0.4278784479167205,27,0
2025-09-16 14:30:00+00:00,ORCL,0.0,0.40456026086947977,27,0
2025-09-16 14:30:00+00:00,MDT,0.0,0.7671868960129494,27,1
2025-09-16 14:30:00+00:00,PLD,1.0,0.6466096025871916,27,1
2025-09-16 15:30:00+00:00,BKNG,1.0,0.5005758163062172,27,0
2025-09-16 15:30:00+00:00,ORCL,0.0,0.5609138388889877,27,1
2025-09-16 16:30:00+00:00,VRTX,1.0,0.359271159740488,27,0
2025-09-16 18:30:00+00:00,BAC,1.0,0.378358591160693,27,0
2025-09-17 13:30:00+00:00,ORCL,0.0,0.6747375631542426,27,1
2025-09-17 13:30:00+00:00,PLTR,1.0,0.4985550227668771,27,0
2025-09-17 18:30:00+00:00,LOW,0.0,0.4261456045016222,27,0
2025-09-17 18:30:00+00:00,DHR,1.0,0.5968050213563945,27,1
2025-09-18 14:30:00+00:00,ABT,1.0,0.6370195298108753,27,1
2025-09-19 14:30:00+00:00,GEV,1.0,0.4668873867583125,27,0
2025-09-19 14:30:00+00:00,GILD,0.0,0.4930852599478725,27,0
2025-09-19 14:30:00+00:00,MRK,0.0,0.7613957413472651,27,1
2025-09-19 14:30:00+00:00,PFE,1.0,0.8026935662332895,27,1
2025-09-19 17:30:00+00:00,ACN,1.0,0.22541390559353272,27,0
2025-09-19 18:30:00+00:00,MCK,0.0,0.27439262988695395,27,0
2025-09-19 18:30:00+00:00,COST,0.0,0.19699735967180743,27,0
2025-09-19 19:30:00+00:00,WELL,1.0,0.4931563337056277,27,0
2025-09-22 18:30:00+00:00,INTC,0.0,0.5243932480742839,27,0
2025-09-22 19:30:00+00:00,COP,1.0,0.5617619899190543,27,1
2025-09-23 15:30:00+00:00,LIN,1.0,0.4247045306662282,27,0
2025-09-23 16:30:00+00:00,ANET,0.0,0.4930852599478725,27,0
2025-09-24 14:30:00+00:00,DE,0.0,0.5510299792357523,27,1
2025-09-24 15:30:00+00:00,MU,0.0,0.40456026086947977,27,0
2025-09-25 13:30:00+00:00,ORCL,0.0,0.4642383722895494,27,0
2025-09-25 13:30:00+00:00,TSLA,0.0,0.558115773220596,27,1
2025-09-25 15:30:00+00:00,PLTR,0.0,0.38990891290972385,27,0
2025-09-25 16:30:00+00:00,NVDA,0.0,0.5375925305585887,27,0
2025-09-25 16:30:00+00:00,PLTR,0.0,0.33652580885108585,27,0
2025-09-25 16:30:00+00:00,GEV,0.0,0.4534577995929808,27,0
2025-09-25 17:30:00+00:00,TSLA,1.0,0.7324375632306978,27,1
2025-09-25 19:30:00+00:00,PLTR,0.0,0.18781142147121932,27,0
2025-09-26 13:30:00+00:00,AMD,1.0,0.23032770436867123,27,0
2025-09-26 17:30:00+00:00,TMUS,1.0,0.20822480788751882,27,0
2025-09-26 18:30:00+00:00,ADI,0.0,0.41155932065482154,27,0
2025-09-29 16:30:00+00:00,GE,1.0,0.5629663247208115,27,1
2025-09-29 17:30:00+00:00,APH,1.0,0.6523532714706165,27,1
2025-09-29 17:30:00+00:00,GEV,1.0,0.1984714397449433,27,0
2025-09-30 13:30:00+00:00,BX,0.0,0.6569327595255625,27,1
2025-09-30 14:30:00+00:00,AMGN,1.0,0.4215698258275937,27,0
2025-09-30 14:30:00+00:00,GILD,0.0,0.4451669678596859,27,0
2025-09-30 18:30:00+00:00,GILD,0.0,0.40111173975157977,27,0
2025-09-30 19:30:00+00:00,GILD,1.0,0.5529896590956845,28,1
2025-10-01 19:30:00+00:00,GILD,0.0,0.35386214593383614,28,0
2025-10-02 14:30:00+00:00,ACN,0.0,0.7436267135046569,28,1
2025-10-03 17:30:00+00:00,BA,1.0,0.4670917784369461,28,0
2025-10-03 18:30:00+00:00,ADI,0.0,0.629066093894244,28,1
2025-10-03 18:30:00+00:00,BKNG,0.0,0.6486964326038075,28,1
2025-10-07 14:30:00+00:00,AVGO,1.0,0.7153091611970325,28,1
2025-10-07 16:30:00+00:00,GEV,1.0,0.5570836944186847,28,1
2025-10-07 17:30:00+00:00,TSLA,0.0,0.3265144329503192,28,0
2025-10-07 17:30:00+00:00,PLTR,0.0,0.5273471557817754,28,0
2025-10-07 18:30:00+00:00,TSLA,0.0,0.2408192071842307,28,0
2025-10-08 15:30:00+00:00,COP,0.0,0.4078618979826439,28,0
2025-10-08 18:30:00+00:00,GS,0.0,0.6489322183324894,28,1
2025-10-09 13:30:00+00:00,NEM,0.0,0.6088987684197896,28,1
2025-10-09 16:30:00+00:00,UBER,0.0,0.7041466952056482,28,1
2025-10-09 16:30:00+00:00,INTC,1.0,0.694933637921038,28,1
2025-10-09 19:30:00+00:00,PLTR,0.0,0.4786981599612705,28,0
2025-10-10 13:30:00+00:00,ACN,0.0,0.5517368862955624,28,1
2025-10-10 17:30:00+00:00,PLTR,0.0,0.584050977825495,28,1
2025-10-10 19:30:00+00:00,AMAT,1.0,0.4973880171459224,28,0
2025-10-13 14:30:00+00:00,ANET,0.0,0.2562399126997924,28,0
2025-10-13 17:30:00+00:00,ANET,0.0,0.28197039748239067,28,0
2025-10-13 18:30:00+00:00,ANET,0.0,0.28197039748239067,28,0
2025-10-13 19:30:00+00:00,ABBV,0.0,0.6803485885689075,28,1
2025-10-14 15:30:00+00:00,PM,0.0,0.8346331035109115,28,1
2025-10-14 16:30:00+00:00,BA,0.0,0.5215138122923078,28,0
2025-10-14 17:30:00+00:00,IBKR,0.0,0.6768706828584945,28,1
2025-10-14 17:30:00+00:00,AMD,0.0,0.6211328139024154,28,1
2025-10-14 18:30:00+00:00,APH,1.0,0.2774143748633489,28,0
2025-10-14 19:30:00+00:00,AMD,1.0,0.27063861208916956,28,0
2025-10-14 19:30:00+00:00,MU,1.0,0.4816008467108433,28,0
2025-10-14 19:30:00+00:00,IBKR,0.0,0.4786981599612705,28,0
2025-10-15 15:30:00+00:00,PLTR,0.0,0.47678549279398547,28,0
2025-10-15 16:30:00+00:00,PLTR,1.0,0.34671103617196514,28,0
2025-10-15 16:30:00+00:00,APP,0.0,0.5273471557817754,28,0
2025-10-15 17:30:00+00:00,GEV,0.0,0.624711977618397,28,1
2025-10-15 19:30:00+00:00,GEV,0.0,0.5166686875768209,28,0
2025-10-16 15:30:00+00:00,PLTR,0.0,0.17508474439437424,29,0
2025-10-16 15:30:00+00:00,APP,0.0,0.24112834191743746,29,0
2025-10-16 17:30:00+00:00,PLTR,0.0,0.2950379701280726,29,0
2025-10-16 17:30:00+00:00,SCHW,1.0,0.6155411848655983,29,1
2025-10-16 17:30:00+00:00,C,1.0,0.33617549013073944,29,0
2025-10-16 17:30:00+00:00,TSLA,1.0,0.34438886257584855,29,0
2025-10-16 17:30:00+00:00,ANET,0.0,0.5241879256763876,29,0
2025-10-17 14:30:00+00:00,PLTR,1.0,0.19382119326103858,29,0
2025-10-17 14:30:00+00:00,INTC,0.0,0.19382119326103858,29,0
2025-10-17 14:30:00+00:00,APP,0.0,0.187412181755746,29,0
2025-10-17 14:30:00+00:00,ANET,1.0,0.358235693259734,29,0
2025-10-17 14:30:00+00:00,AMD,1.0,0.4138742796507054,29,0
2025-10-17 16:30:00+00:00,INTC,1.0,0.19382119326103858,29,0
2025-10-17 19:30:00+00:00,MCK,0.0,0.514173553287914,29,0
2025-10-17 19:30:00+00:00,C,1.0,0.4254428441814925,29,0
2025-10-20 14:30:00+00:00,MDT,1.0,0.5968084288939561,29,1
2025-10-20 15:30:00+00:00,AVGO,0.0,0.19382119326103858,29,0
2025-10-20 15:30:00+00:00,ANET,0.0,0.4325557497261969,29,0
2025-10-20 15:30:00+00:00,LRCX,0.0,0.36442390621700643,29,0
2025-10-20 16:30:00+00:00,MU,0.0,0.2085365711929461,29,0
2025-10-20 17:30:00+00:00,AMAT,0.0,0.2703766032842011,29,0
2025-10-20 19:30:00+00:00,DHR,1.0,0.7021382258869243,29,1
2025-10-21 19:30:00+00:00,LLY,1.0,0.6205675568932242,29,1
2025-10-22 14:30:00+00:00,MU,1.0,0.4325557497261969,29,0
2025-10-22 16:30:00+00:00,AMGN,0.0,0.45901382644463434,29,0
2025-10-23 13:30:00+00:00,BX,0.0,0.21547642124697514,29,0
2025-10-23 17:30:00+00:00,VRTX,0.0,0.4829524459024616,29,0
2025-10-23 18:30:00+00:00,AMD,1.0,0.24496395264428705,29,0
2025-10-23 18:30:00+00:00,BKNG,1.0,0.5673978109183637,29,1
2025-10-23 19:30:00+00:00,NEM,0.0,0.21547642124697514,29,0
2025-10-24 19:30:00+00:00,GEV,0.0,0.33143453622906505,29,0
2025-10-27 16:30:00+00:00,AMAT,0.0,0.2863587033047952,29,0
2025-10-27 17:30:00+00:00,PM,0.0,0.4491443279550073,29,0
2025-10-28 18:30:00+00:00,CAT,1.0,0.6209446597603311,29,1
2025-10-29 17:30:00+00:00,HON,1.0,0.7496313880749162,29,1
2025-10-29 18:30:00+00:00,ACN,0.0,0.3689278111473613,29,0
2025-10-29 18:30:00+00:00,LLY,1.0,0.5604964150162499,29,1
2025-10-29 19:30:00+00:00,ACN,1.0,0.35516662969395524,29,0
2025-10-30 15:30:00+00:00,GEV,0.0,0.4915269002522821,29,0
2025-10-30 17:30:00+00:00,APP,0.0,0.3250596188821818,29,0
2025-10-31 15:30:00+00:00,AMAT,1.0,0.47512859871288216,29,0
2025-10-31 16:30:00+00:00,TSLA,1.0,0.18132541626176338,29,0
2025-10-31 19:30:00+00:00,KLAC,0.0,0.38191510632234166,29,0
2025-11-03 19:30:00+00:00,ADI,0.0,0.48591707657190547,29,0
2025-11-03 19:30:00+00:00,IBM,0.0,0.5080836040144169,29,0
2025-11-04 20:30:00+00:00,KLAC,1.0,0.304415483671267,30,0
2025-11-04 20:30:00+00:00,TSLA,1.0,0.43731303941697997,30,0
2025-11-05 19:30:00+00:00,WMT,0.0,0.7271450326855422,30,1
2025-11-06 15:30:00+00:00,TSLA,0.0,0.2621508995635607,30,0
2025-11-07 14:30:00+00:00,GILD,0.0,0.2510570095204388,30,0
2025-11-07 18:30:00+00:00,MU,1.0,0.43441713979317087,30,0
2025-11-10 15:30:00+00:00,INTC,0.0,0.4034863704575793,30,0
2025-11-11 15:30:00+00:00,TXN,1.0,0.7688489677669251,30,1
2025-11-11 15:30:00+00:00,QCOM,0.0,0.2677298311232848,30,0
2025-11-11 15:30:00+00:00,ADI,1.0,0.6451677644682112,30,1
2025-11-11 20:30:00+00:00,AMD,1.0,0.500127315466883,30,0
2025-11-12 15:30:00+00:00,GEV,0.0,0.3270073224292795,30,0
2025-11-12 18:30:00+00:00,MU,0.0,0.4663573198165445,30,0
2025-11-12 19:30:00+00:00,PANW,0.0,0.5534125742995373,30,1
2025-11-12 20:30:00+00:00,GEV,0.0,0.42759865066118985,30,0
2025-11-13 15:30:00+00:00,MU,0.0,0.33250079194567406,30,0
2025-11-13 15:30:00+00:00,LRCX,0.0,0.35876119066861456,30,0
2025-11-13 15:30:00+00:00,AVGO,1.0,0.36724472453982016,30,0
2025-11-13 17:30:00+00:00,MU,1.0,0.25628464856153993,30,0
2025-11-13 18:30:00+00:00,COP,1.0,0.7688951488222139,30,1
2025-11-14 19:30:00+00:00,SPGI,0.0,0.49905608820340724,30,0
2025-11-17 16:30:00+00:00,AMD,0.0,0.36831422212922965,30,0
2025-11-17 19:30:00+00:00,PFE,0.0,0.5483365343471416,30,0
2025-11-18 18:30:00+00:00,GEV,0.0,0.25628464856153993,30,0
2025-11-18 19:30:00+00:00,GEV,1.0,0.46416242336431707,30,0
2025-11-19 15:30:00+00:00,AVGO,1.0,0.3268360647735182,30,0
2025-11-19 17:30:00+00:00,PFE,0.0,0.7148589712298288,30,1
2025-11-20 15:30:00+00:00,MU,0.0,0.36925080019351436,30,0
2025-11-21 16:30:00+00:00,GOOGL,1.0,0.14400931135765127,30,0
2025-11-21 16:30:00+00:00,GOOG,1.0,0.16345983974486547,30,0
2025-11-21 20:30:00+00:00,VRTX,0.0,0.45410753005638627,30,0
2025-11-24 20:30:00+00:00,PLTR,0.0,0.2264191857465392,30,0
2025-11-25 14:30:00+00:00,NVDA,1.0,0.31550632414552543,30,0
2025-11-25 16:30:00+00:00,T,0.0,0.7297176810155835,30,1
2025-11-25 18:30:00+00:00,NEM,1.0,0.4434246387583733,30,0
2025-11-26 16:30:00+00:00,AMD,0.0,0.32724632655601693,30,0
2025-11-26 17:30:00+00:00,TMO,0.0,0.6024397577083191,31,1
2025-11-26 17:30:00+00:00,DHR,0.0,0.41073228180639054,31,0
2025-11-26 17:30:00+00:00,T,0.0,0.5363802115669875,31,0
2025-11-26 18:30:00+00:00,AMZN,0.0,0.4593515717215973,31,0
2025-11-26 19:30:00+00:00,PLTR,1.0,0.5944380176329945,31,1
2025-11-26 20:30:00+00:00,LRCX,1.0,0.4177395027819468,31,0
2025-11-26 20:30:00+00:00,MU,0.0,0.6165343297952083,31,1
2025-11-26 20:30:00+00:00,GEV,1.0,0.5907945817557206,31,1
2025-11-28 14:30:00+00:00,ORCL,1.0,0.34165445736745587,31,0
2025-11-28 14:30:00+00:00,NVDA,1.0,0.5477754041174827,31,0
2025-12-04 17:30:00+00:00,NEE,1.0,0.3536564947027635,31,0
2025-12-04 17:30:00+00:00,AMD,0.0,0.6244808525584685,31,1
2025-12-05 15:30:00+00:00,AMD,1.0,0.6899155260419294,31,1
2025-12-05 16:30:00+00:00,DHR,0.0,0.5269424706327056,31,0
2025-12-05 17:30:00+00:00,MRK,0.0,0.27865041536430435,31,0
2025-12-05 20:30:00+00:00,SCHW,0.0,0.49124348421113967,31,0
2025-12-05 20:30:00+00:00,CVX,0.0,0.3281076486270738,31,0
2025-12-08 16:30:00+00:00,DE,0.0,0.4670787560461561,31,0
2025-12-08 17:30:00+00:00,WELL,0.0,0.36928812233199515,31,0
2025-12-08 19:30:00+00:00,DE,0.0,0.36821007480132517,31,0
2025-12-08 19:30:00+00:00,INTC,0.0,0.4512453401817637,31,0
2025-12-08 20:30:00+00:00,LOW,0.0,0.31742492275762857,31,0
2025-12-08 20:30:00+00:00,NEM,1.0,0.525183483838105,31,0
2025-12-09 16:30:00+00:00,HD,1.0,0.7048954419522631,31,1
2025-12-09 18:30:00+00:00,SCHW,1.0,0.5991524190229958,31,1
2025-12-09 19:30:00+00:00,GEV,1.0,0.3036444368290302,31,0
2025-12-10 20:30:00+00:00,TSLA,0.0,0.6019944777250336,31,1
2025-12-11 15:30:00+00:00,INTC,0.0,0.14883992943065083,31,0
2025-12-11 17:30:00+00:00,IBM,0.0,0.5896939936316777,31,1
2025-12-11 17:30:00+00:00,GOOG,0.0,0.7430947253326482,31,1
2025-12-11 17:30:00+00:00,GOOGL,0.0,0.8562012209351227,31,1
2025-12-11 19:30:00+00:00,BA,1.0,0.1974172841441491,31,0
2025-12-11 19:30:00+00:00,CB,1.0,0.6240710567118898,31,1
2025-12-12 15:30:00+00:00,BX,0.0,0.5196147944338955,31,0
2025-12-12 19:30:00+00:00,GEV,0.0,0.33141624308765305,31,0
2025-12-12 20:30:00+00:00,DHR,0.0,0.40839802116730695,31,0
2025-12-15 16:30:00+00:00,GEV,0.0,0.4807712682990484,31,0
2025-12-15 19:30:00+00:00,PLTR,0.0,0.4133078210416392,31,0
2025-12-15 20:30:00+00:00,PLTR,0.0,0.631666559451191,31,1
2025-12-16 14:30:00+00:00,MRK,1.0,0.648910097164166,31,1
2025-12-16 15:30:00+00:00,MCK,0.0,0.8912683496456374,31,1
2025-12-16 17:30:00+00:00,GEV,0.0,0.35826589317184376,31,0
2025-12-17 14:30:00+00:00,GEV,0.0,0.1984391343375415,32,0
2025-12-17 15:30:00+00:00,PLTR,0.0,0.2806878489724745,32,0
2025-12-17 15:30:00+00:00,KLAC,1.0,0.6506339607281354,32,1
2025-12-17 15:30:00+00:00,GEV,0.0,0.5748346741912149,32,1
2025-12-17 19:30:00+00:00,APP,1.0,0.6683388195294092,32,1
2025-12-18 16:30:00+00:00,ANET,1.0,0.45228948261559143,32,0
2025-12-19 17:30:00+00:00,NFLX,0.0,0.14474471291126098,32,0
2025-12-19 17:30:00+00:00,ABBV,1.0,0.5589505141341058,32,1
2025-12-22 14:30:00+00:00,HCA,1.0,0.3741660463587278,32,0
2025-12-22 15:30:00+00:00,GEV,0.0,0.43022107314934194,32,0
2025-12-22 17:30:00+00:00,QCOM,0.0,0.4908263959391206,32,0
2025-12-22 19:30:00+00:00,TSLA,0.0,0.23753747462712735,32,0
2025-12-24 14:30:00+00:00,INTC,1.0,0.6150303591927344,32,1
2025-12-24 14:30:00+00:00,TSLA,0.0,0.12458836620989601,32,0
2025-12-24 15:30:00+00:00,GEV,0.0,0.4327227350807666,32,0
2025-12-24 15:30:00+00:00,BX,0.0,0.39736119851541113,32,0
2025-12-31 17:30:00+00:00,BMY,0.0,0.5549852471840409,32,1
2025-12-31 18:30:00+00:00,NVDA,0.0,0.6683906838381192,32,1
2025-12-31 18:30:00+00:00,AMAT,0.0,0.324623937037176,32,0
2025-12-31 18:30:00+00:00,LRCX,0.0,0.13611352107100186,32,0
2025-12-31 18:30:00+00:00,AMD,0.0,0.45830752856434365,32,0
2026-01-05 16:30:00+00:00,NVDA,1.0,0.8786163773233676,32,1
2026-01-05 16:30:00+00:00,ORCL,0.0,0.4659077797154411,32,0
2026-01-05 18:30:00+00:00,NVDA,1.0,0.6649652169771545,32,1
2026-01-07 19:30:00+00:00,GEV,0.0,0.6277064662450679,32,1
2026-01-07 20:30:00+00:00,WMT,1.0,0.41609999561421246,32,0
2026-01-08 19:30:00+00:00,QCOM,0.0,0.5074449617701993,32,0
2026-01-08 20:30:00+00:00,CRM,0.0,0.15563379900508187,32,0
2026-01-09 16:30:00+00:00,HCA,0.0,0.47321057170076236,32,0
2026-01-09 17:30:00+00:00,AXP,0.0,0.5621714541601566,32,1
2026-01-09 18:30:00+00:00,GILD,0.0,0.6051473723665465,32,1
2026-01-09 18:30:00+00:00,ABBV,0.0,0.60536945328089,32,1
2026-01-09 19:30:00+00:00,ABBV,0.0,0.827993021500876,32,1
2026-01-12 17:30:00+00:00,TMO,0.0,0.46454542227815504,32,0
2026-01-12 17:30:00+00:00,DE,1.0,0.617602808237295,32,1
2026-01-12 18:30:00+00:00,DE,1.0,0.6292461298758957,32,1
2026-01-12 20:30:00+00:00,META,0.0,0.39904020491571973,32,0
2026-01-12 20:30:00+00:00,NVDA,0.0,0.27523551976078153,32,0
2026-01-13 15:30:00+00:00,PLD,1.0,0.24621613849549054,32,0
2026-01-13 20:30:00+00:00,APP,0.0,0.6254845059650205,32,1
2026-01-14 15:30:00+00:00,PLTR,1.0,0.6130964311555164,32,1
2026-01-14 17:30:00+00:00,TJX,0.0,0.39807398949153816,32,0
2026-01-14 17:30:00+00:00,UBER,0.0,0.6130964311555164,32,1
2026-01-14 18:30:00+00:00,HD,1.0,0.5880437018348792,33,1
2026-01-14 20:30:00+00:00,UNH,0.0,0.6314131791738475,33,1
2026-01-15 16:30:00+00:00,IBM,0.0,0.27743670304709594,33,0
2026-01-15 18:30:00+00:00,GEV,1.0,0.609127799642994,33,1
2026-01-15 20:30:00+00:00,MU,1.0,0.4175867894569824,33,0
2026-01-16 16:30:00+00:00,DIS,0.0,0.20141111796280234,33,0
2026-01-16 16:30:00+00:00,DHR,0.0,0.3929483527142959,33,0
2026-01-20 16:30:00+00:00,IBKR,1.0,0.7086254977518918,33,1
2026-01-20 20:30:00+00:00,NFLX,0.0,0.45167480319079084,33,0
2026-01-21 16:30:00+00:00,ANET,1.0,0.14775683585116547,33,0
2026-01-21 20:30:00+00:00,LRCX,0.0,0.31513065958579695,33,0
2026-01-22 16:30:00+00:00,KLAC,0.0,0.8231149686319869,33,1
2026-01-22 16:30:00+00:00,PLTR,1.0,0.6383038880430006,33,1
2026-01-22 18:30:00+00:00,KLAC,1.0,0.394696357316864,33,0
2026-01-22 18:30:00+00:00,AVGO,0.0,0.6354067548686974,33,1
2026-01-22 20:30:00+00:00,KLAC,1.0,0.7152703014327497,33,1
2026-01-23 14:30:00+00:00,COF,0.0,0.7133195153376457,33,1
2026-01-23 17:30:00+00:00,SPGI,1.0,0.4388107079623821,33,0
2026-01-23 17:30:00+00:00,PLTR,0.0,0.7013183791209552,33,1
2026-01-23 20:30:00+00:00,LLY,0.0,0.3801775454333688,33,0
2026-01-26 14:30:00+00:00,TSLA,0.0,0.7381833620123672,33,1
2026-01-26 15:30:00+00:00,GEV,1.0,0.10835095943687058,33,0
2026-01-26 17:30:00+00:00,UBER,0.0,0.1317072890873475,33,0
2026-01-26 18:30:00+00:00,BMY,1.0,0.7122159434727102,33,1
2026-01-26 18:30:00+00:00,PANW,0.0,0.3964417649887331,33,0
2026-01-26 19:30:00+00:00,TSLA,0.0,0.4482605993307582,33,0
2026-01-26 19:30:00+00:00,UBER,0.0,0.19527474651227816,33,0
2026-01-26 19:30:00+00:00,LRCX,1.0,0.1307356886417502,33,0
2026-01-26 19:30:00+00:00,GEV,1.0,0.15936421093425346,33,0
2026-01-26 20:30:00+00:00,TMO,0.0,0.23274344298456376,33,0
2026-01-27 18:30:00+00:00,PLTR,0.0,0.08435256544154812,33,0
2026-01-27 19:30:00+00:00,MDT,0.0,0.6453017584300575,33,1
2026-01-28 20:30:00+00:00,TSLA,0.0,0.7614756590466221,33,1
2026-01-29 16:30:00+00:00,VRTX,0.0,0.3929483527142959,33,0
2026-01-29 18:30:00+00:00,HCA,1.0,0.41214376843240186,33,0
2026-01-29 18:30:00+00:00,SYK,1.0,0.14511213536452175,33,0
2026-01-29 20:30:00+00:00,ABBV,1.0,0.09246155114251477,33,0
2026-02-02 19:30:00+00:00,IBKR,0.0,0.5270757309493214,33,0
2026-02-03 20:30:00+00:00,AMGN,1.0,0.3929483527142959,33,0
